,Account,Compound Score,Date,Negative Score,Neutral Score,Positive Score,Tweet Text
0,@BBCNews,0.0,11/26/2017,0.0,1.0,0.0,"RT @bbcweather: Early dip in temperatures likely before wet, windy &amp; relatively mild weather spreads from NW to all parts by morning. Phil…"
1,@BBCNews,0.5859,11/26/2017,0.0,0.817,0.183,"RT @BBCSport: Manchester City set a new Premier League record after grabbing a late winner away at Huddersfield.

Report ? https://t.co/dOS…"
2,@BBCNews,0.0,11/26/2017,0.0,1.0,0.0,Durham students miners' strike-themed event 'disgraceful' https://t.co/IRHPgkpcUi
3,@BBCNews,0.5859,11/26/2017,0.0,0.863,0.137,"RT @BBCSport: It’s all over.

Manchester City have come from behind at half-time to win away in the Premier League for the first time since…"
4,@BBCNews,-0.25,11/26/2017,0.143,0.857,0.0,"Archbishop of York @JohnSentamu ends decade-long protest over Robert Mugabe 

https://t.co/wFc5NyCX9i #Marr https://t.co/IDDXanvFY1"
5,@BBCNews,0.0,11/26/2017,0.0,1.0,0.0,"RT @BBCSportScot: FULL-TIME: Motherwell 0-2 Celtic (Forrest, Dembele)

Celtic retain the Scottish League Cup 

Reaction: https://t.co/MdYZr…"
6,@BBCNews,0.0,11/26/2017,0.0,1.0,0.0,"RT @BBCSport: Huddersfield stun the league leaders.

Right on the stroke of half-time, #HTAFC head into the break ahead.

??? https://t.co/…"
7,@BBCNews,-0.1007,11/26/2017,0.131,0.754,0.115,"RT @BBCSport: GOAL: Burnley 0-1 Arsenal 

Alexis Sanchez from the penalty spot in the 92nd minute! 

Surely the winner...

#BURARS #bbcfoot…"
8,@BBCNews,0.7096,11/26/2017,0.0,0.459,0.541,Mum's last wish honours Hillsborough fans https://t.co/s2yIyJSBB4
9,@BBCNews,-0.5719,11/26/2017,0.402,0.598,0.0,Oxford Circus panic: Pair released after police questioning https://t.co/UARdDVMPKn
10,@BBCNews,0.0,11/26/2017,0.0,1.0,0.0,RT @BBCSport: The ECB says it has spoken to Jonny Bairstow after claims about an alleged incident involving Australia's Cameron Bancroft.…
11,@BBCNews,-0.9432,11/26/2017,0.5,0.5,0.0,RT @BBCEngland: A man has been charged with aggravated burglary and the attempted murder of a 96-year-old World War Two veteran injured in…
12,@BBCNews,0.8176,11/26/2017,0.0,0.694,0.306,"RT @BBCSport: Valtteri Bottas wins the season-ending #AbuDhabiGP 

2017 title winner Lewis Hamilton is second with Sebastian Vettel third.…"
13,@BBCNews,-0.5423,11/26/2017,0.304,0.696,0.0,Home Office review over harassment at abortion clinics https://t.co/2UZlgeqUVg
14,@BBCNews,-0.296,11/26/2017,0.196,0.804,0.0,Brexit: No Irish border decision before trade deal - Fox https://t.co/UuYEeFObKI
15,@BBCNews,0.5267,11/26/2017,0.0,0.747,0.253,RT @BBCBusiness: Just Eat set to join blue chip index after share price jump https://t.co/B9QIfXq9nl
16,@BBCNews,0.5267,11/26/2017,0.0,0.714,0.286,Just Eat set to join blue chip index after share price jump https://t.co/WyURh0hfbh
17,@BBCNews,0.0,11/26/2017,0.0,1.0,0.0,"RT @BBCSport: The teams are in for Southampton v Everton (13:30 GMT KO)

Follow build up to the first of three @premierleague games today h…"
18,@BBCNews,0.0,11/26/2017,0.0,1.0,0.0,"RT @BBCSport: Will Lewis Hamilton end a title-winning year with victory at the #AbuDhabiGrandPrix?

Follow build up to the race, which star…"
19,@BBCNews,0.0,11/26/2017,0.0,1.0,0.0,Jonny Bairstow: England wicketkeeper spoken to by ECB over Perth 'incident' https://t.co/AY3rgdvOGG
20,@BBCNews,0.0,11/26/2017,0.0,1.0,0.0,"RT @bbcweather: Early dip in temperatures likely before wet, windy &amp; relatively mild weather spreads from NW to all parts by morning. Phil…"
21,@BBCNews,0.5859,11/26/2017,0.0,0.817,0.183,"RT @BBCSport: Manchester City set a new Premier League record after grabbing a late winner away at Huddersfield.

Report ? https://t.co/dOS…"
22,@BBCNews,0.0,11/26/2017,0.0,1.0,0.0,Durham students miners' strike-themed event 'disgraceful' https://t.co/IRHPgkpcUi
23,@BBCNews,0.5859,11/26/2017,0.0,0.863,0.137,"RT @BBCSport: It’s all over.

Manchester City have come from behind at half-time to win away in the Premier League for the first time since…"
24,@BBCNews,-0.25,11/26/2017,0.143,0.857,0.0,"Archbishop of York @JohnSentamu ends decade-long protest over Robert Mugabe 

https://t.co/wFc5NyCX9i #Marr https://t.co/IDDXanvFY1"
25,@BBCNews,0.0,11/26/2017,0.0,1.0,0.0,"RT @BBCSportScot: FULL-TIME: Motherwell 0-2 Celtic (Forrest, Dembele)

Celtic retain the Scottish League Cup 

Reaction: https://t.co/MdYZr…"
26,@BBCNews,0.0,11/26/2017,0.0,1.0,0.0,"RT @BBCSport: Huddersfield stun the league leaders.

Right on the stroke of half-time, #HTAFC head into the break ahead.

??? https://t.co/…"
27,@BBCNews,-0.1007,11/26/2017,0.131,0.754,0.115,"RT @BBCSport: GOAL: Burnley 0-1 Arsenal 

Alexis Sanchez from the penalty spot in the 92nd minute! 

Surely the winner...

#BURARS #bbcfoot…"
28,@BBCNews,0.7096,11/26/2017,0.0,0.459,0.541,Mum's last wish honours Hillsborough fans https://t.co/s2yIyJSBB4
29,@BBCNews,-0.5719,11/26/2017,0.402,0.598,0.0,Oxford Circus panic: Pair released after police questioning https://t.co/UARdDVMPKn
30,@BBCNews,0.0,11/26/2017,0.0,1.0,0.0,RT @BBCSport: The ECB says it has spoken to Jonny Bairstow after claims about an alleged incident involving Australia's Cameron Bancroft.…
31,@BBCNews,-0.9432,11/26/2017,0.5,0.5,0.0,RT @BBCEngland: A man has been charged with aggravated burglary and the attempted murder of a 96-year-old World War Two veteran injured in…
32,@BBCNews,0.8176,11/26/2017,0.0,0.694,0.306,"RT @BBCSport: Valtteri Bottas wins the season-ending #AbuDhabiGP 

2017 title winner Lewis Hamilton is second with Sebastian Vettel third.…"
33,@BBCNews,-0.5423,11/26/2017,0.304,0.696,0.0,Home Office review over harassment at abortion clinics https://t.co/2UZlgeqUVg
34,@BBCNews,-0.296,11/26/2017,0.196,0.804,0.0,Brexit: No Irish border decision before trade deal - Fox https://t.co/UuYEeFObKI
35,@BBCNews,0.5267,11/26/2017,0.0,0.747,0.253,RT @BBCBusiness: Just Eat set to join blue chip index after share price jump https://t.co/B9QIfXq9nl
36,@BBCNews,0.5267,11/26/2017,0.0,0.714,0.286,Just Eat set to join blue chip index after share price jump https://t.co/WyURh0hfbh
37,@BBCNews,0.0,11/26/2017,0.0,1.0,0.0,"RT @BBCSport: The teams are in for Southampton v Everton (13:30 GMT KO)

Follow build up to the first of three @premierleague games today h…"
38,@BBCNews,0.0,11/26/2017,0.0,1.0,0.0,"RT @BBCSport: Will Lewis Hamilton end a title-winning year with victory at the #AbuDhabiGrandPrix?

Follow build up to the race, which star…"
39,@BBCNews,0.0,11/26/2017,0.0,1.0,0.0,Jonny Bairstow: England wicketkeeper spoken to by ECB over Perth 'incident' https://t.co/AY3rgdvOGG
40,@BBCNews,-0.4767,11/26/2017,0.341,0.659,0.0,Armed police chief and deputy suspended https://t.co/n0JdB1McgN
41,@BBCNews,-0.25,11/26/2017,0.182,0.818,0.0,Archbishop of York ends decade of protest over Mugabe https://t.co/XnlXPqX1N3
42,@BBCNews,0.0,11/26/2017,0.0,1.0,0.0,"If we don't move on to next phase in #Brexit talks we are ""rapidly going to run out of time"" - @RuthDavidsonMSP tel… https://t.co/txKZhUFfde"
43,@BBCNews,0.0,11/26/2017,0.0,1.0,0.0,Archbishop of York @JohnSentamu puts dog collar back on for first time in a decade after the fall of Robert Mugabe… https://t.co/V8aOotElMb
44,@BBCNews,0.6369,11/26/2017,0.0,0.588,0.412,Denis Law receives Freedom of Aberdeen https://t.co/LHmLVNmi1n
45,@BBCNews,0.3412,11/26/2017,0.0,0.789,0.211,NHS watchdog staff 'told not to criticise' Welsh Government https://t.co/DbcGbDoyyk
46,@BBCNews,0.296,11/26/2017,0.0,0.833,0.167,"Join @BBCRadio3 for six uninterrupted hours of music &amp; meditation ?

#SacredRiver https://t.co/2YUvHoiZDx"
47,@BBCNews,0.0,11/26/2017,0.0,1.0,0.0,Now on @BBCOne ? https://t.co/CC4EDcxqk5
48,@BBCNews,0.1027,11/26/2017,0.082,0.82,0.098,"RT @bbcweather: A cold and frosty start with the risk of #ice, especially in the west. Then #Sunday shapes up like this... Ben R https://t.…"
49,@BBCNews,0.0,11/26/2017,0.0,1.0,0.0,? https://t.co/XQNmqhWEyz
50,@BBCNews,-0.8271,11/26/2017,0.606,0.394,0.0,Five killed after stolen car crashes https://t.co/UBCpDqTN2g
51,@BBCNews,-0.6705,11/26/2017,0.355,0.645,0.0,Ashes: England on verge of crushing first Test defeat by Australia https://t.co/olrToexacb
52,@BBCNews,0.0,11/26/2017,0.0,1.0,0.0,Sailors to perform Changing the Guard in historic first https://t.co/CDnbWCDVXi
53,@BBCNews,0.2263,11/26/2017,0.138,0.642,0.22,Brexit: Ireland 'to play tough' over talks - commissioner https://t.co/MkzWFhDYSD
54,@BBCNews,0.4215,11/26/2017,0.0,0.781,0.219,UK drone users to sit safety tests under new law https://t.co/VsVvvhikjF
55,@BBCNews,-0.2023,11/25/2017,0.205,0.795,0.0,"Heathrow worker charged over £700,000 cocaine find https://t.co/2nG993wQRg"
56,@BBCNews,0.0,11/25/2017,0.0,1.0,0.0,Liverpool police officer hit by van in Norris Green https://t.co/orHr2a7OTZ
57,@BBCNews,-0.6369,11/25/2017,0.426,0.574,0.0,"Claw hammer attack victim, 96, facing 'long' recovery https://t.co/pzv8fi8TpV"
58,@BBCNews,-0.4767,11/25/2017,0.341,0.659,0.0,Two men arrested after triple stabbing https://t.co/kxbnuCrCHE
59,@BBCNews,0.4391,11/25/2017,0.0,0.888,0.112,"RT @BBCSport: HT Liverpool 0-0 Chelsea 

Liverpool have had more of the ball, Chelsea have had more opportunities &amp; Mo Salah has looked liv…"
60,@BBCNews,-0.8402,11/25/2017,0.348,0.652,0.0,Girl gets final flowers on her 21st from dad who died from cancer five years ago https://t.co/V7wKsdSCj9
61,@BBCNews,0.0,11/25/2017,0.0,1.0,0.0,RT @BBCSport: Get involved! #WALvNZL https://t.co/VX3h92G9Ey
62,@BBCNews,0.7964,11/25/2017,0.0,0.728,0.272,"RT @BBCSport: 48-14

It's a comfortable win as the clock goes red at Twickenham. 

Rokoduguni carries England home with their seventh https…"
63,@BBCNews,-0.1007,11/25/2017,0.117,0.746,0.137,"RT @BBCSport: FT Man Utd 1-0 Brighton 

#MUFC needed a huge deflection to win it, but they won't care.

39 home games unbeaten in all compe…"
64,@BBCNews,0.75,11/25/2017,0.0,0.67,0.33,"RT @BBCSport: FT Crystal Palace 2-1 Stoke 

It's a huge win for #CPFC!  https://t.co/BipPngxfuQ #CRYSTK https://t.co/ZjHw7mmGSc"
65,@BBCNews,0.4767,11/25/2017,0.0,0.563,0.437,A thrilling display from Scotland ? https://t.co/hFFCiOoaHS
66,@BBCNews,0.4003,11/25/2017,0.0,0.886,0.114,"RT @BBCSportScot: ? Scotland 34-17 Australia

TRY! Huw Jones gets over the line for Scotland, 56 mins played at Murrayfield.

? BBC One
? B…"
67,@BBCNews,-0.1027,11/25/2017,0.135,0.865,0.0,Arlene Foster warns Sinn Féin time short for deal https://t.co/YcOTX8da67
68,@BBCNews,0.0,11/25/2017,0.0,1.0,0.0,"RT @BBCSport: Oh, Jonny Gray ? https://t.co/YsmFw9OQe9"
69,@BBCNews,0.7777,11/25/2017,0.0,0.688,0.312,"RT @BBCSport: 20-7

TRY! Charlie Ewels

And they are over. Great play from England https://t.co/hQpGOuHlxK  #ENGvSAM https://t.co/9W1dJZ5e3t"
70,@BBCNews,-0.5994,11/25/2017,0.302,0.698,0.0,Sky Sports anchor Simon Thomas 'crushed' by wife's death https://t.co/OyEGDPSVZd
71,@BBCNews,0.0,11/25/2017,0.0,1.0,0.0,"RT @BBCSport: 7-0

Itoje breaks quickly from the ruck and sets up @mikebrown_15 for the first score. Con Ford.

https://t.co/hQpGOuHlxK #EN…"
72,@BBCNews,0.0,11/25/2017,0.0,1.0,0.0,"RT @BBCSportScot: ? Scotland 10-0 Australia

TRY! Byron McGuigan gets the try in 17 mins (his first for Scotland), Finn Russell converts.…"
73,@BBCNews,0.4329,11/25/2017,0.0,0.894,0.106,"RT @BBCSport: Are you donning your daffodil head and driving to Cardiff? Wearing your family tartan in the comfort of your own home?

Let u…"
74,@BBCNews,0.0,11/25/2017,0.0,1.0,0.0,"RT @bbcf1: Bragging rights earned.

It's pole position in Abu Dhabi for Valtteri Bottas in the final qualifying session of the season. 

#b…"
75,@BBCNews,-0.4939,11/25/2017,0.318,0.682,0.0,Birmingham bin strike: Council offers new deal to end dispute https://t.co/ZAr8FyzZPg
76,@BBCNews,-0.5106,11/25/2017,0.292,0.708,0.0,Oxford Circus: Two men quizzed after Tube panic https://t.co/IMkXYaxYuH
77,@BBCNews,-0.4019,11/25/2017,0.231,0.769,0.0,M11 closure as lorry overturns in crash near Stansted https://t.co/I5Y9ZQkIV0
78,@BBCNews,-0.6808,11/25/2017,0.412,0.588,0.0,Former TV presenter John Leslie charged with sexual assault https://t.co/s8O5tQJgTC
79,@BBCNews,-0.6597,11/25/2017,0.328,0.672,0.0,Dawson Willcock: 'Brave' two-year-old dies of rare liver cancer https://t.co/YIALRWxryb
80,@BBCNews,-0.4767,11/25/2017,0.134,0.866,0.0,"RT @BBCPolitics: Did MPs decide that animals don't have feelings, or was that fake news?
Watch the whole video here: https://t.co/G5C7VghLM…"
81,@BBCNews,-0.7579,11/25/2017,0.448,0.552,0.0,Senior Police Scotland officer suspended amid criminal conduct probe https://t.co/Qmtyp1H7kT
82,@BBCNews,0.126,11/25/2017,0.0,0.934,0.066,"RT @BBCSport: Incredible drama!

England have reached a first Rugby League World Cup final since 1995... but what an effort from Tonga.

Re…"
83,@BBCNews,0.8074,11/25/2017,0.0,0.673,0.327,"RT @BBCSport: Fancy the best bits of that thrilling #RLWC2017 semi-final?

Watch #TONvENG highlights:
https://t.co/rN0kjK2Yrk #bbcrl https:…"
84,@BBCNews,-0.3818,11/25/2017,0.191,0.809,0.0,Ashes: England face battle after Steve Smith century gives Australia lead https://t.co/x3Z7ZqlH6D
85,@BBCNews,0.0,11/25/2017,0.0,1.0,0.0,Australia knocks UK Brexit trade plan https://t.co/Muyprd3emk
86,@BBCNews,-0.3818,11/25/2017,0.106,0.894,0.0,"RT @BBCSport: England face a battle in the first #Ashes Test.

Australia have taken hold in Brisbane.

Here's the report from day three: 
h…"
87,@BBCNews,0.2263,11/25/2017,0.194,0.543,0.264,Caldey Island: Sex offender evaded justice at abbey https://t.co/CiFYMSCXwL
88,@BBCNews,0.0,11/25/2017,0.0,1.0,0.0,Rugby League World Cup: England beat Tonga 20-18 to set up final with Australia https://t.co/ODRKQKntuj
89,@BBCNews,-0.5106,11/25/2017,0.32,0.68,0.0,Oxford Circus: Platform 'altercation' caused tube panic https://t.co/A1hdAH5Hq4
90,@BBCNews,-0.2732,11/25/2017,0.208,0.792,0.0,UK warned to brace for cold and snow https://t.co/oNI9TMwL0p
91,@BBCNews,0.0,11/25/2017,0.0,1.0,0.0,Classic car fans say vehicles 'stripped' by Glossop restorer https://t.co/HZfLB3wlEW
92,@BBCNews,-0.875,11/25/2017,0.625,0.375,0.0,"No overcrowding link to prison suicide, study suggests https://t.co/EESDOOZ1wV"
93,@BBCNews,0.2732,11/25/2017,0.163,0.519,0.319,Fighter pilots told 'keep windscreens clean' to avoid crashes https://t.co/Kwc5FZnFAw
94,@BBCNews,-0.5994,11/25/2017,0.302,0.698,0.0,Natalie Pearman 1992 death: New names in police inquiry https://t.co/7jZy6TVjqg
95,@BBCNews,0.0,11/25/2017,0.0,1.0,0.0,Candlelit vigil to be held in Swanage for Gaia Pope https://t.co/y43zL5vB1t
96,@BBCNews,0.0,11/25/2017,0.0,1.0,0.0,Predatory comments prompt YouTube ad suspension https://t.co/61gLzs6yDP
97,@BBCNews,0.296,11/24/2017,0.0,0.82,0.18,"Saturday's Express: ""Arctic Blast Health Alert"" #tomorrowspaperstoday #bbcpapers (via @hendopolis) https://t.co/fqbKEO9VND"
98,@BBCNews,0.0,11/24/2017,0.0,1.0,0.0,"Saturday's Sun: ""Branson buried head in my boobs"" #tomorrowspaperstoday #bbcpapers (via @hendopolis) https://t.co/ABDuTyKNMI"
99,@BBCNews,0.0,11/24/2017,0.0,1.0,0.0,"Saturday's Guardian: ""Pioneering surgeon faces inquiry"" #tomorrowspaperstoday #bbcpapers (via @hendopolis) https://t.co/cJ24UXLblx"
100,@CBSNews,-0.6774,11/26/2017,0.247,0.753,0.0,"Recalling his feelings of isolation as a young immigrant, high schooler establishes lunch club -- so no student has… https://t.co/HbmFZ9IgH9"
101,@CBSNews,0.5859,11/26/2017,0.0,0.798,0.202,Savvy shoppers know that some Black Friday deals are worth resisting; these four things are a better buy on Cyber M… https://t.co/7wcvaDuKZh
102,@CBSNews,-0.5719,11/26/2017,0.198,0.802,0.0,"In one of his first interviews since he was accused of sexual misconduct, Sen. Al Franken says he's ""embarrassed an… https://t.co/BOOtDcdOEp"
103,@CBSNews,-0.6486,11/26/2017,0.193,0.807,0.0,"COPD, the third largest killer of Americans, can develop for years without noticeable shortness of breath, with sym… https://t.co/xVmLFYq4i0"
104,@CBSNews,-0.7579,11/26/2017,0.333,0.667,0.0,"In Brazil, @48hours tracks down the accused killer of a decorated U.S. military pilot https://t.co/775UzYIyjp https://t.co/m0O0yLAakH"
105,@CBSNews,-0.3182,11/26/2017,0.119,0.881,0.0,".@CBSSunday marks the loss of Della Reese and David Cassidy, two performers of different styles and generations… https://t.co/S6ft62oK7Z"
106,@CBSNews,0.3182,11/26/2017,0.0,0.887,0.113,"Once again, Pres. Trump offers tacit endorsement of Roy Moore, tweeting that electing Doug Jones as Alabama senator… https://t.co/5TFAF124gw"
107,@CBSNews,0.2023,11/26/2017,0.0,0.917,0.083,Hours before Rep. John Conyers (D-MI) announced that he will step aside as the top Democrat on the House Judiciary… https://t.co/kyZqrgckGF
108,@CBSNews,0.2023,11/26/2017,0.0,0.917,0.083,"Walter Isaacson, author of ""Leonardo da Vinci,"" says an important lesson to take away from the famed painter is tha… https://t.co/Lu0oy8zB7J"
109,@CBSNews,-0.5423,11/26/2017,0.2,0.8,0.0,"Amid a congressional investigation into sexual harassment allegations against Rep. John Conyers (D-MI), the ranking… https://t.co/k1n7DBOdPR"
110,@CBSNews,0.0,11/26/2017,0.0,1.0,0.0,.@FaceTheNation's John Dickerson speaks with authors who chart the rise of leaders in times of national challenges… https://t.co/lIQW0YZglm
111,@CBSNews,-0.6908,11/26/2017,0.263,0.737,0.0,"In interview, House Minority Leader Nancy Pelosi defends Rep. John Conyers (D-MI), accused of sexually harassing fe… https://t.co/kcLVQd5Qfw"
112,@CBSNews,-0.4019,11/26/2017,0.157,0.762,0.081,"NEW: Rep. John Conyers (D-MI), facing sexual harassment allegations, to step aside as top Democrat on House Judicia… https://t.co/5ivy0RbFBe"
113,@CBSNews,0.0,11/26/2017,0.0,1.0,0.0,".@AnthonyMasonCBS to Noel Gallagher: ""As much as you and Liam have bickered over the years, could you have been suc… https://t.co/L1Zdhukzc5"
114,@CBSNews,0.0,11/26/2017,0.0,1.0,0.0,"When lawmakers return to the Capitol this week, they face a daunting December to-do list https://t.co/pBcAeD1Mpe https://t.co/BZX5c0rjUq"
115,@CBSNews,-0.6908,11/26/2017,0.251,0.749,0.0,"Syrian government airstrikes and shelling outside Damascus kill at least 22 civilians, activists report… https://t.co/ON2MIbBZyq"
116,@CBSNews,0.0,11/26/2017,0.0,1.0,0.0,"In the birthplace of the espresso, Starbucks' impending arrival -- its first store is slated to open in 2018 -- sti… https://t.co/NltxLagM1i"
117,@CBSNews,0.0,11/26/2017,0.0,1.0,0.0,".@jeffglor to take anchor chair of @CBSEveningNews on Monday, Dec. 4, CBS News announces https://t.co/4UHgYNQ04G https://t.co/npCundwLTe"
118,@CBSNews,0.5459,11/26/2017,0.0,0.836,0.164,"@CBSEveningNews MORE: ""We are focused on delivering a newscast powered by reporting and writing that will get to th… https://t.co/blnnAF8491"
119,@CBSNews,0.0,11/26/2017,0.0,1.0,0.0,"RT @CBSEveningNews: JUST IN: The @CBSEveningNews with @JeffGlor begins Monday, December 4th, @CBSNews announces https://t.co/hJJJWa2BHD htt…"
120,@CBSNews,-0.6774,11/26/2017,0.247,0.753,0.0,"Recalling his feelings of isolation as a young immigrant, high schooler establishes lunch club -- so no student has… https://t.co/HbmFZ9IgH9"
121,@CBSNews,0.5859,11/26/2017,0.0,0.798,0.202,Savvy shoppers know that some Black Friday deals are worth resisting; these four things are a better buy on Cyber M… https://t.co/7wcvaDuKZh
122,@CBSNews,-0.5719,11/26/2017,0.198,0.802,0.0,"In one of his first interviews since he was accused of sexual misconduct, Sen. Al Franken says he's ""embarrassed an… https://t.co/BOOtDcdOEp"
123,@CBSNews,-0.6486,11/26/2017,0.193,0.807,0.0,"COPD, the third largest killer of Americans, can develop for years without noticeable shortness of breath, with sym… https://t.co/xVmLFYq4i0"
124,@CBSNews,-0.7579,11/26/2017,0.333,0.667,0.0,"In Brazil, @48hours tracks down the accused killer of a decorated U.S. military pilot https://t.co/775UzYIyjp https://t.co/m0O0yLAakH"
125,@CBSNews,-0.3182,11/26/2017,0.119,0.881,0.0,".@CBSSunday marks the loss of Della Reese and David Cassidy, two performers of different styles and generations… https://t.co/S6ft62oK7Z"
126,@CBSNews,0.3182,11/26/2017,0.0,0.887,0.113,"Once again, Pres. Trump offers tacit endorsement of Roy Moore, tweeting that electing Doug Jones as Alabama senator… https://t.co/5TFAF124gw"
127,@CBSNews,0.2023,11/26/2017,0.0,0.917,0.083,Hours before Rep. John Conyers (D-MI) announced that he will step aside as the top Democrat on the House Judiciary… https://t.co/kyZqrgckGF
128,@CBSNews,0.2023,11/26/2017,0.0,0.917,0.083,"Walter Isaacson, author of ""Leonardo da Vinci,"" says an important lesson to take away from the famed painter is tha… https://t.co/Lu0oy8zB7J"
129,@CBSNews,-0.5423,11/26/2017,0.2,0.8,0.0,"Amid a congressional investigation into sexual harassment allegations against Rep. John Conyers (D-MI), the ranking… https://t.co/k1n7DBOdPR"
130,@CBSNews,0.0,11/26/2017,0.0,1.0,0.0,.@FaceTheNation's John Dickerson speaks with authors who chart the rise of leaders in times of national challenges… https://t.co/lIQW0YZglm
131,@CBSNews,-0.6908,11/26/2017,0.263,0.737,0.0,"In interview, House Minority Leader Nancy Pelosi defends Rep. John Conyers (D-MI), accused of sexually harassing fe… https://t.co/kcLVQd5Qfw"
132,@CBSNews,-0.4019,11/26/2017,0.157,0.762,0.081,"NEW: Rep. John Conyers (D-MI), facing sexual harassment allegations, to step aside as top Democrat on House Judicia… https://t.co/5ivy0RbFBe"
133,@CBSNews,0.0,11/26/2017,0.0,1.0,0.0,".@AnthonyMasonCBS to Noel Gallagher: ""As much as you and Liam have bickered over the years, could you have been suc… https://t.co/L1Zdhukzc5"
134,@CBSNews,0.0,11/26/2017,0.0,1.0,0.0,"When lawmakers return to the Capitol this week, they face a daunting December to-do list https://t.co/pBcAeD1Mpe https://t.co/BZX5c0rjUq"
135,@CBSNews,-0.6908,11/26/2017,0.251,0.749,0.0,"Syrian government airstrikes and shelling outside Damascus kill at least 22 civilians, activists report… https://t.co/ON2MIbBZyq"
136,@CBSNews,0.0,11/26/2017,0.0,1.0,0.0,"In the birthplace of the espresso, Starbucks' impending arrival -- its first store is slated to open in 2018 -- sti… https://t.co/NltxLagM1i"
137,@CBSNews,0.0,11/26/2017,0.0,1.0,0.0,".@jeffglor to take anchor chair of @CBSEveningNews on Monday, Dec. 4, CBS News announces https://t.co/4UHgYNQ04G https://t.co/npCundwLTe"
138,@CBSNews,0.5459,11/26/2017,0.0,0.836,0.164,"@CBSEveningNews MORE: ""We are focused on delivering a newscast powered by reporting and writing that will get to th… https://t.co/blnnAF8491"
139,@CBSNews,0.0,11/26/2017,0.0,1.0,0.0,"RT @CBSEveningNews: JUST IN: The @CBSEveningNews with @JeffGlor begins Monday, December 4th, @CBSNews announces https://t.co/hJJJWa2BHD htt…"
140,@CBSNews,-0.34,11/26/2017,0.103,0.897,0.0,Was Johnny Appleseed for real? Much is misunderstood about the man many came to know through the 1948 Walt Disney c… https://t.co/nwmtyC1rcr
141,@CBSNews,0.0,11/26/2017,0.0,1.0,0.0,Stella McCartney says fashion is one of the least environmentally-friendly industries in the world -- and she wants… https://t.co/UuZ7pxZhmB
142,@CBSNews,-0.296,11/26/2017,0.151,0.849,0.0,RT @FaceTheNation: .@SusanPage: Gridlock that has affected Washington has not affected state capitals and the Republicans who have made big…
143,@CBSNews,0.0,11/26/2017,0.0,1.0,0.0,"Authorities search for culprits who robbed and ransacked a family-run Christmas tree farm, ending a 40-year traditi… https://t.co/AzIPaXVYLj"
144,@CBSNews,-0.2732,11/26/2017,0.128,0.793,0.079,"How Ronan Farrow helped bring the Harvey Weinstein scandal to light, playing a part in what many describe as a mome… https://t.co/spBMlPO1LS"
145,@CBSNews,-0.6124,11/26/2017,0.168,0.781,0.051,"Why does COPD, the number three killer of all Americans, rank 155th when it comes to funding research at the Nation… https://t.co/U2H6rSqINM"
146,@CBSNews,0.4215,11/26/2017,0.0,0.859,0.141,"Mohammed bin Salman, Saudi Arabia's powerful crown prince, leads first meeting in alliance of Muslim nations agains… https://t.co/pwuWjH2LNz"
147,@CBSNews,0.0,11/26/2017,0.0,1.0,0.0,RT @AnthonyMasonCBS: “We were the biggest band in the world. It was brief. But we were there.” -@NoelGallagher on #Oasis &amp; life after ahead…
148,@CBSNews,-0.5106,11/26/2017,0.142,0.858,0.0,FBI failed to notify scores of U.S. officials that Russian hackers were trying to break into their personal Gmail a… https://t.co/1yNKNCeqLJ
149,@CBSNews,-0.3818,11/26/2017,0.245,0.755,0.0,Breaking down the fight over net neutrality https://t.co/VENRPWqSFw https://t.co/q9eCRGXMnb
150,@CBSNews,-0.4019,11/26/2017,0.245,0.629,0.126,Top female lobbyist offers her take on sexual harassment https://t.co/3dwLZKsOdQ https://t.co/wbhPfILpmT
151,@CBSNews,-0.2263,11/26/2017,0.174,0.826,0.0,"Japan protests San Francisco's ""sex slave"" statue decision https://t.co/HDWXkwhmnc https://t.co/mWQOsQrfKe"
152,@CBSNews,0.0,11/26/2017,0.0,1.0,0.0,Michael Flynn may now be cooperating with Russia investigation https://t.co/DbjczcmFnS https://t.co/qU0Nvke8ho
153,@CBSNews,-0.7783,11/26/2017,0.362,0.638,0.0,South Dakota state representative and his brother-in-law drown in apparent kayaking accident https://t.co/p8nPgItwvs https://t.co/9Dk0JFssHi
154,@CBSNews,-0.4939,11/26/2017,0.144,0.856,0.0,"Even for veteran chameleon actor Gary Oldman, the task of tackling role of Winston Churchill for ""Darkest Hour"" is… https://t.co/B8I66iok7o"
155,@CBSNews,-0.5267,11/26/2017,0.195,0.805,0.0,"Uma Thurman rips Harvey Weinstein and ""wicked conspirators,"" telling fans to ""stay tuned"" https://t.co/eZr9c4RTF1 https://t.co/g57R43ilrC"
156,@CBSNews,-0.5574,11/26/2017,0.303,0.585,0.112,Why federal database is failing to bar certain people from gun purchases https://t.co/ChePWWtpB3 https://t.co/1Z6SrKwuF8
157,@CBSNews,-0.5574,11/26/2017,0.247,0.753,0.0,London's Oxford Circus station evacuated amid reports of shots fired https://t.co/oNCmLDz1G7 https://t.co/CdBomNlOIi
158,@CBSNews,0.6597,11/26/2017,0.0,0.649,0.351,Retailers help boost stocks to record close on Black Friday https://t.co/tp9jafvYvT https://t.co/o6J29sBBWF
159,@CBSNews,0.0,11/26/2017,0.0,1.0,0.0,U.S. reverses course on closing Palestinian office in D.C. https://t.co/ftIHmjo9or https://t.co/Qg8ZaXQtd6
160,@CBSNews,-0.296,11/26/2017,0.196,0.804,0.0,"U.S. will stop arming Syrian Kurds, Turkey says https://t.co/4ThLF6P8Yx https://t.co/HiFDw0butj"
161,@CBSNews,0.6369,11/26/2017,0.0,0.724,0.276,"Best Black Friday electronics deals on TVs, laptops and more https://t.co/zRFijR9Trx https://t.co/ZKdCv1KJcg"
162,@CBSNews,-0.4588,11/26/2017,0.311,0.566,0.123,Court doubles Oscar Pistorius' prison sentence https://t.co/KEHyzpI66A https://t.co/5QzSUvzG1T
163,@CBSNews,0.0,11/26/2017,0.0,1.0,0.0,"In a move that prompted ""deep concern"" among U.S. and Indian authorities, Pakistani militant wanted by U.S. is free… https://t.co/KpbfROXvKQ"
164,@CBSNews,-0.8689,11/26/2017,0.495,0.505,0.0,Relatives of sailors missing on Argentina submarine are heartbroken and angry https://t.co/JOfGRHxfr9 https://t.co/IpLNTbIi10
165,@CBSNews,-0.4215,11/26/2017,0.157,0.843,0.0,Eight North Korean men say they washed ashore in Japan after boat broke down https://t.co/0i0E2nLUpP https://t.co/hRnbAH8dM9
166,@CBSNews,-0.6597,11/26/2017,0.268,0.732,0.0,"Slow-killing parasite from Vietnam may be killing veterans, VA study says https://t.co/wBAqbTg3dC https://t.co/uKEatETnrn"
167,@CBSNews,0.4404,11/26/2017,0.0,0.756,0.244,4 things that are a better buy on Cyber Monday https://t.co/CtJDLbDDgn https://t.co/J4wWWweunl
168,@CBSNews,0.296,11/26/2017,0.0,0.804,0.196,Celebrities share memories of David Cassidy on Twitter https://t.co/J71FUpd7MH https://t.co/R1wzjnJFhO
169,@CBSNews,-0.296,11/26/2017,0.196,0.804,0.0,Chrissy Teigen and John Legend expecting baby No. 2 https://t.co/WGSwZyhN59 https://t.co/jOo4I5A9Ct
170,@CBSNews,-0.4767,11/26/2017,0.248,0.637,0.115,"Top U.S. commander in Afghanistan says war ""still in a stalemate"" https://t.co/EuH6baLW08 https://t.co/HPnVytQBhs"
171,@CBSNews,0.0,11/26/2017,0.0,1.0,0.0,Police bust prostitution ring run out of senior living facility https://t.co/kSIt8ZRmmT https://t.co/tQ2Ax7XNVS
172,@CBSNews,-0.6705,11/26/2017,0.373,0.508,0.119,Cops say suspect in deputy’s killing claimed he was God https://t.co/RyuboC1Bgi https://t.co/QMt0abSwJu
173,@CBSNews,0.0,11/26/2017,0.0,1.0,0.0,"Arm found in sea, likely that of Swedish reporter Kim Wall https://t.co/gc9cAo8oYH https://t.co/XkYx7ng1ex"
174,@CBSNews,-0.3182,11/26/2017,0.223,0.777,0.0,President Trump's science office is a ghost town https://t.co/nyLUkU1ShU https://t.co/43hUjnuy9L
175,@CBSNews,-0.4019,11/26/2017,0.197,0.803,0.0,"Shooting, stabbing at Houston mall leaves 2 injured on Black Friday https://t.co/TwBSuDDUur https://t.co/cGn9MUNCkC"
176,@CBSNews,-0.7269,11/26/2017,0.368,0.541,0.092,Fake Google ad sent users searching for Amazon to scam site https://t.co/x4ERoxYVc6 https://t.co/gxPT6Mu9jb
177,@CBSNews,0.5719,11/26/2017,0.0,0.73,0.27,Commentary: Why Republicans should be thankful (mostly) this Thanksgiving https://t.co/dP2kTJypPx https://t.co/RvlmoI5Jlm
178,@CBSNews,-0.8555,11/26/2017,0.457,0.543,0.0,Man gets 2 months in jail for torturing and killing cats https://t.co/wJt6FKGRGd https://t.co/JU5NTCfkTR
179,@CBSNews,0.0,11/26/2017,0.0,1.0,0.0,Congress has a daunting December to-do list https://t.co/1F1JTggVpC https://t.co/jZMtNfDsAZ
180,@CBSNews,0.2263,11/26/2017,0.0,0.863,0.137,"Jeff Bezos is now worth $100 billion, according to Bloomberg report https://t.co/fds16JXuGf https://t.co/Rfm6sKgyND"
181,@CBSNews,-0.6369,11/26/2017,0.259,0.741,0.0,A celebrity social media campaign is highlighting issues of sex trafficking abuse https://t.co/ng7YkqmQ6o https://t.co/3OQX5egjO2
182,@CBSNews,0.0,11/26/2017,0.0,1.0,0.0,What will become of welfare under President Trump? https://t.co/Yr8QJQZA13 https://t.co/Td741dGODx
183,@CBSNews,-0.7964,11/26/2017,0.47,0.53,0.0,Pit bull fatally stabbed by pregnant Florida woman https://t.co/LsplDIKRBo https://t.co/ENnZP1nxsE
184,@CBSNews,-0.9136,11/26/2017,0.514,0.486,0.0,Man accused of dismembering dead wife in front of kids charged in California killing https://t.co/8yofTfdovk https://t.co/QoeIrr48ms
185,@CBSNews,-0.3182,11/26/2017,0.161,0.839,0.0,Professors urge boycott of University of Rochester over allegations of misconduct https://t.co/SbspWSTwW7 https://t.co/VbjdflbW1L
186,@CBSNews,-0.296,11/26/2017,0.128,0.872,0.0,Missing teen caught trying to enter Canada after body believed to be grandmother's found https://t.co/OEIHvOinG5 https://t.co/DrkfylHdUE
187,@CBSNews,0.6369,11/26/2017,0.0,0.756,0.244,These 10 stores will have the best Cyber Monday deals in 2017 https://t.co/BjbFlYHmAK https://t.co/5OzRMaijmF
188,@CBSNews,-0.296,11/26/2017,0.278,0.568,0.153,"Texas special education director fired over past ""serious allegations,"" agency says https://t.co/wtGHXcDftY https://t.co/bJSTOJID8u"
189,@CBSNews,-0.7906,11/26/2017,0.467,0.533,0.0,Death toll jumps after attack on Egyptian mosque https://t.co/y4aSc6QpQK https://t.co/CMztrb1r5N
190,@CBSNews,-0.8126,11/26/2017,0.457,0.543,0.0,Border Patrol agent who died in mysterious incident mourned at funeral https://t.co/gYChJH7kz9 https://t.co/Edt2VqZ6A9
191,@CBSNews,-0.5859,11/26/2017,0.262,0.64,0.099,City presses NYPD for solutions after teenager killed in NYC classroom https://t.co/Bjos0gz4Wv https://t.co/D6TdHs6ocX
192,@CBSNews,-0.7579,11/26/2017,0.517,0.483,0.0,Shark attack leaves man seriously injured in California https://t.co/YNhG9hioDt https://t.co/9A3zugiljW
193,@CBSNews,0.1027,11/26/2017,0.106,0.769,0.125,"Cat hair helps nab woman accused of mailing bombs to former Pres. Obama, Texas Gov. Greg Abbott… https://t.co/3tnYlJQuEZ"
194,@CBSNews,-0.8555,11/26/2017,0.433,0.567,0.0,"New questions in death of Baltimore detective, killed 1 day before testifying https://t.co/QGUcnk5sTn https://t.co/jJG2L0QoBm"
195,@CBSNews,-0.4588,11/26/2017,0.321,0.5,0.179,Las Vegas shooting survivor killed in hit-and-run https://t.co/fCauzLe49W https://t.co/QPh8KvMcNq
196,@CBSNews,0.2023,11/26/2017,0.0,0.917,0.083,"Scientists are working with a tool that can edit the genes of all living organisms. Watch ""Playing God,” and stay t… https://t.co/Kia6P27cQA"
197,@CBSNews,0.0,11/26/2017,0.0,1.0,0.0,Cops: Naked man drives into tree while having sex; baby in backseat https://t.co/NJlqjNLrBx https://t.co/sLDo6BUwl0
198,@CBSNews,0.2023,11/26/2017,0.0,0.859,0.141,"Charred body found on top of commuter train, police say https://t.co/LEMjpkE6V1 https://t.co/IgH033IR9m"
199,@CBSNews,0.0,11/26/2017,0.0,1.0,0.0,Starbucks stirs up controversy in Italy https://t.co/nPlRjqq55g https://t.co/mYbnOF7Z21
200,@CNN,-0.6808,11/26/2017,0.259,0.741,0.0,Police in Beijing have detained a teacher as they investigate allegations that children were drugged and molested a… https://t.co/IjJsHNQMjR
201,@CNN,-0.6808,11/26/2017,0.318,0.682,0.0,Democratic Sen. Al Franken says he's 'embarrassed and ashamed' over groping allegations https://t.co/J5VOhKhXo6 https://t.co/BPXTzBqsJx
202,@CNN,-0.2023,11/26/2017,0.13,0.87,0.0,"Former ""Glee"" star Naya Rivera has been charged with domestic battery https://t.co/NmPqsHkeWT https://t.co/vLkf1B6VPC"
203,@CNN,0.0,11/26/2017,0.0,1.0,0.0,Take a look at everything that happened this week in politics https://t.co/cjYGvZpaeM https://t.co/6MswSp8fkp
204,@CNN,-0.6249,11/26/2017,0.291,0.709,0.0,"Rohingya crisis: 'It's not genocide,' say Myanmar's hardline monks https://t.co/PX5efOLKp7 https://t.co/IQP1pmFa0I"
205,@CNN,0.0,11/26/2017,0.0,1.0,0.0,The Popocatépetl volcano in central Mexico recently erupted three times in one day. https://t.co/s4k5u2uJ9K https://t.co/zYU8kzYYGT
206,@CNN,-0.4767,11/26/2017,0.129,0.871,0.0,The 25 to 30 men who carried out the attack on a mosque in Eqypt wore military uniforms and arrived in SUVs… https://t.co/uTUtdjayp6
207,@CNN,-0.7351,11/26/2017,0.458,0.425,0.118,Pakistani law minister apologizes to protesters for provoking outrage as street tensions simmer… https://t.co/7Mj9a73nCy
208,@CNN,0.5859,11/26/2017,0.0,0.787,0.213,France edges Belgium 3-2 to win the Davis Cup for the 10th time https://t.co/kdxgjFddGt https://t.co/P0cYwUSQcj
209,@CNN,0.4019,11/26/2017,0.0,0.838,0.162,Republican Sen. Lindsey Graham bemoans President Trump's support for Alabama Senate candidate Roy Moore… https://t.co/0wYFO7HKNc
210,@CNN,0.2023,11/26/2017,0.174,0.581,0.244,Airstrikes in Syria have killed at least 57 people just two days before United Nations-facilitated peace talks… https://t.co/XsZX4Oz7UE
211,@CNN,0.4588,11/26/2017,0.0,0.824,0.176,Formula One driver Valtteri Bottas takes victory in the Abu Dhabi Grand Prix https://t.co/hOHuJrvaJt https://t.co/If0r4JIA0J
212,@CNN,0.7717,11/26/2017,0.0,0.739,0.261,"""John Conyers is an icon in our country. He's done a great deal to protect women."" - House Minority Leader Nancy Pe… https://t.co/igdmTRiA4C"
213,@CNN,0.0,11/26/2017,0.0,1.0,0.0,What do you remember from the week that was? Take the CNN news quiz. https://t.co/myqIegGELC https://t.co/EKRZwPurO6
214,@CNN,-0.9153,11/26/2017,0.44,0.489,0.072,A survivor of the attack on the Egyptian mosque that left 305 people dead says he hid under dead bodies to avoid de… https://t.co/MQu400GZ27
215,@CNN,0.0,11/26/2017,0.0,1.0,0.0,JUST IN: Democratic Rep. John Conyers says he'll step down as ranking member of the House Judiciary Committee while… https://t.co/sNntAQ1ulj
216,@CNN,0.0,11/26/2017,0.0,1.0,0.0,This is how President Trump plans to sell the tax reform bill on Capitol Hill https://t.co/SbpkWs9lqP https://t.co/nvU3fmiUqG
217,@CNN,-0.5106,11/26/2017,0.163,0.837,0.0,"Republican Sen. Lindsey Graham on passing tax reform: ""We'll get there because failure is not an option...""… https://t.co/0g1uLFu24Z"
218,@CNN,-0.872,11/26/2017,0.398,0.602,0.0,"Pope Francis is preparing to visit Myanmar, a staunchly Buddhist country accused of horrifying acts of brutality ag… https://t.co/XdlzvmvOK3"
219,@CNN,-0.2732,11/26/2017,0.11,0.89,0.0,British Prime Minister Theresa May has been warned to change course over Brexit and the Irish border… https://t.co/QntZNUeam4
220,@CNN,-0.6808,11/26/2017,0.259,0.741,0.0,Police in Beijing have detained a teacher as they investigate allegations that children were drugged and molested a… https://t.co/IjJsHNQMjR
221,@CNN,-0.6808,11/26/2017,0.318,0.682,0.0,Democratic Sen. Al Franken says he's 'embarrassed and ashamed' over groping allegations https://t.co/J5VOhKhXo6 https://t.co/BPXTzBqsJx
222,@CNN,-0.2023,11/26/2017,0.13,0.87,0.0,"Former ""Glee"" star Naya Rivera has been charged with domestic battery https://t.co/NmPqsHkeWT https://t.co/vLkf1B6VPC"
223,@CNN,0.0,11/26/2017,0.0,1.0,0.0,Take a look at everything that happened this week in politics https://t.co/cjYGvZpaeM https://t.co/6MswSp8fkp
224,@CNN,-0.6249,11/26/2017,0.291,0.709,0.0,"Rohingya crisis: 'It's not genocide,' say Myanmar's hardline monks https://t.co/PX5efOLKp7 https://t.co/IQP1pmFa0I"
225,@CNN,0.0,11/26/2017,0.0,1.0,0.0,The Popocatépetl volcano in central Mexico recently erupted three times in one day. https://t.co/s4k5u2uJ9K https://t.co/zYU8kzYYGT
226,@CNN,-0.4767,11/26/2017,0.129,0.871,0.0,The 25 to 30 men who carried out the attack on a mosque in Eqypt wore military uniforms and arrived in SUVs… https://t.co/uTUtdjayp6
227,@CNN,-0.7351,11/26/2017,0.458,0.425,0.118,Pakistani law minister apologizes to protesters for provoking outrage as street tensions simmer… https://t.co/7Mj9a73nCy
228,@CNN,0.5859,11/26/2017,0.0,0.787,0.213,France edges Belgium 3-2 to win the Davis Cup for the 10th time https://t.co/kdxgjFddGt https://t.co/P0cYwUSQcj
229,@CNN,0.4019,11/26/2017,0.0,0.838,0.162,Republican Sen. Lindsey Graham bemoans President Trump's support for Alabama Senate candidate Roy Moore… https://t.co/0wYFO7HKNc
230,@CNN,0.2023,11/26/2017,0.174,0.581,0.244,Airstrikes in Syria have killed at least 57 people just two days before United Nations-facilitated peace talks… https://t.co/XsZX4Oz7UE
231,@CNN,0.4588,11/26/2017,0.0,0.824,0.176,Formula One driver Valtteri Bottas takes victory in the Abu Dhabi Grand Prix https://t.co/hOHuJrvaJt https://t.co/If0r4JIA0J
232,@CNN,0.7717,11/26/2017,0.0,0.739,0.261,"""John Conyers is an icon in our country. He's done a great deal to protect women."" - House Minority Leader Nancy Pe… https://t.co/igdmTRiA4C"
233,@CNN,0.0,11/26/2017,0.0,1.0,0.0,What do you remember from the week that was? Take the CNN news quiz. https://t.co/myqIegGELC https://t.co/EKRZwPurO6
234,@CNN,-0.9153,11/26/2017,0.44,0.489,0.072,A survivor of the attack on the Egyptian mosque that left 305 people dead says he hid under dead bodies to avoid de… https://t.co/MQu400GZ27
235,@CNN,0.0,11/26/2017,0.0,1.0,0.0,JUST IN: Democratic Rep. John Conyers says he'll step down as ranking member of the House Judiciary Committee while… https://t.co/sNntAQ1ulj
236,@CNN,0.0,11/26/2017,0.0,1.0,0.0,This is how President Trump plans to sell the tax reform bill on Capitol Hill https://t.co/SbpkWs9lqP https://t.co/nvU3fmiUqG
237,@CNN,-0.5106,11/26/2017,0.163,0.837,0.0,"Republican Sen. Lindsey Graham on passing tax reform: ""We'll get there because failure is not an option...""… https://t.co/0g1uLFu24Z"
238,@CNN,-0.872,11/26/2017,0.398,0.602,0.0,"Pope Francis is preparing to visit Myanmar, a staunchly Buddhist country accused of horrifying acts of brutality ag… https://t.co/XdlzvmvOK3"
239,@CNN,-0.2732,11/26/2017,0.11,0.89,0.0,British Prime Minister Theresa May has been warned to change course over Brexit and the Irish border… https://t.co/QntZNUeam4
240,@CNN,-0.5994,11/26/2017,0.302,0.698,0.0,An asymmetrical war against the press https://t.co/B2FpROEUed (via @CNNOpinion) https://t.co/o8YCVQXZ1d
241,@CNN,0.0,11/26/2017,0.0,1.0,0.0,"US lawmakers are in for busy week.
? President Trump is expected to make a trip to Capitol Hill.
? Congress is faci… https://t.co/rlrZb5qZzd"
242,@CNN,-0.3612,11/26/2017,0.23,0.632,0.138,Skiers mourned the death of fellow racer David Poisson earlier this month as Switzerland's Beat Feuz won the men's… https://t.co/yIjufET5Pm
243,@CNN,0.0,11/26/2017,0.0,1.0,0.0,Volcanic eruptions on the Indonesian resort island of Bali have shut down flights and sent residents scurrying to s… https://t.co/o4qMNnivg6
244,@CNN,0.2716,11/26/2017,0.0,0.917,0.083,"The S&amp;P 500 has hit a new record by going without a 3% or more retreat in one day since November 4, 2016, four days… https://t.co/mrETbAPpES"
245,@CNN,0.0516,11/26/2017,0.145,0.664,0.191,"Hate crimes in the United States have increased to a point not seen in recent history, according to a new statistic… https://t.co/h1A3ZVDBt4"
246,@CNN,-0.4404,11/26/2017,0.146,0.854,0.0,Democratic mega-donor Tom Steyer on criticism of his Trump impeachment campaign: “What we’re doing is providing a v… https://t.co/Mi3gJrkXre
247,@CNN,0.0,11/26/2017,0.0,1.0,0.0,Bill Gates has a new mission: To find a cure for Alzheimer's https://t.co/KV29jnMcMS https://t.co/3Cr1yUFTAz
248,@CNN,0.4865,11/26/2017,0.0,0.82,0.18,"""It's very important and urgent that we get him out of office,"" says Democratic mega donor Tom Steyer after funding… https://t.co/zaMaNWhol3"
249,@CNN,-0.4019,11/26/2017,0.222,0.679,0.1,Sen. Graham urges the Trump administration to impose Russia sanctions: “If you don’t you’re creating a problem for… https://t.co/lAN5lZ4WUR
250,@CNN,0.0,11/26/2017,0.0,1.0,0.0,"Cards Against Humanity, a card game company known for its attention-seeking pranks, says it bought land on the US-M… https://t.co/hpPLCV3Wua"
251,@CNN,-0.5106,11/26/2017,0.148,0.852,0.0,"""Al Franken has acknowledged what he did was wrong,"" says Sen. Dick Durbin after @DanaBashCNN asks if Sen. Franken… https://t.co/kKSYOxfapx"
252,@CNN,-0.5106,11/26/2017,0.148,0.852,0.0,"""Al Franken has acknowledged what he did was wrong,"" says Sen. Dick Durbin after @DanaBashCNN asks if Franken shoul… https://t.co/AnS3NPoskp"
253,@CNN,-0.6249,11/26/2017,0.222,0.72,0.058,"Puerto Rico says only 55 died from Hurricane Maria, but funeral homes claim the number should be nine times higher.… https://t.co/NaFLp6ZiKi"
254,@CNN,0.7964,11/26/2017,0.0,0.747,0.253,"Sen. Lindsey Graham on Roy Moore: ""If he wins we get the baggage of him winning and it becomes a story everyday abo… https://t.co/PT6jTWZaz4"
255,@CNN,0.6087,11/26/2017,0.0,0.728,0.272,"GOP Sen. Lindsey Graham: ""I think most Americans want to give Dream Act kids a more certain life"" #CNNSOTU https://t.co/s7hnbdkbvN"
256,@CNN,0.1531,11/26/2017,0.088,0.798,0.113,Sen. Lindsey Graham: “The economy needs the tax cut and the Republican Party needs to deliver. So I think we’ll get… https://t.co/FUr6uoeL5C
257,@CNN,-0.128,11/26/2017,0.081,0.919,0.0,"""I'm a tough nut to crack"": Meet the Jesuit priest who helped persuade Robert Mugabe to relinquish power. https://t.co/JxwBiR2yF8"
258,@CNN,-0.6597,11/26/2017,0.231,0.769,0.0,"More than 16,000 scientists have signed a dire warning to humanity advising that we need to fix our environmental p… https://t.co/6vs6QF7YdM"
259,@CNN,0.0,11/26/2017,0.0,1.0,0.0,"Portraits of Queen Elizabeth II and her husband, the Duke of Edinburgh Prince Philip, have been released to celebra… https://t.co/78HR6TNo6q"
260,@CNN,-0.296,11/26/2017,0.181,0.685,0.133,A man who survived the Las Vegas shooting has been killed just weeks later in a hit-and-run in Southern Nevada.… https://t.co/5XBmhdCGE6
261,@CNN,-0.4939,11/26/2017,0.127,0.873,0.0,A diary written by John Lennon that was stolen from his widow Yoko Ono over a decade ago has been found by police i… https://t.co/9gsdehis3Q
262,@CNN,0.0,11/26/2017,0.0,1.0,0.0,This 14-year-old former ISIS child soldier is being deradicalized -- by going back to school https://t.co/EhldNvNiTX https://t.co/d2nWheG1pP
263,@CNN,0.4588,11/26/2017,0.0,0.786,0.214,Seth Meyers to host the 75th Annual Golden Globe Awards https://t.co/WnIqUgADVy https://t.co/iNM7F5EspE
264,@CNN,-0.6597,11/26/2017,0.231,0.769,0.0,"More than 16,000 scientists have signed a dire warning to humanity advising that we need to fix our environmental p… https://t.co/bnYRdwH1ON"
265,@CNN,0.0,11/26/2017,0.0,1.0,0.0,Mexico is raising its minimum wage to $4.70 a day https://t.co/M7VNPijQQD https://t.co/ALFfbvrMEo
266,@CNN,0.0,11/26/2017,0.0,1.0,0.0,Bill Gates has a new mission: To find a cure for Alzheimer's https://t.co/Mccrm4LQc5 https://t.co/vc63cib2bz
267,@CNN,-0.2263,11/26/2017,0.139,0.717,0.143,A high court in South Africa increased Oscar Pistorius' prison sentence to 13 years and five months for the murder… https://t.co/SydTo5BOlx
268,@CNN,0.0,11/26/2017,0.0,1.0,0.0,"Cards Against Humanity, a card game company known for its attention-seeking pranks, says it bought land on the US-M… https://t.co/Ft07IlegFm"
269,@CNN,0.0,11/26/2017,0.0,1.0,0.0,"Tesla has ""fully installed"" the world's largest lithium ion battery in South Australia, the state government said.… https://t.co/K2cwrUkA0D"
270,@CNN,-0.4939,11/26/2017,0.151,0.849,0.0,"Atlanta's Georgia Dome was destroyed earlier this week in a scheduled implosion with 4,300 pounds of TNT, after 25… https://t.co/EnkQz9fQNG"
271,@CNN,-0.25,11/26/2017,0.1,0.9,0.0,Activists built a Holocaust memorial outside the home of a German politician to protest his call for Germany to sto… https://t.co/xRQT70QRjh
272,@CNN,0.4939,11/26/2017,0.0,0.862,0.138,"""He went into a burning plane to save us"": When a small plane fell from the sky and hit firefighter John Meffert's… https://t.co/Z4HAp2ljdh"
273,@CNN,-0.4588,11/26/2017,0.146,0.796,0.058,"Why the case of a woman named Cyntoia Brown, who is serving a life sentence in prison, has ignited new interest… https://t.co/rF2ECjyTZq"
274,@CNN,-0.296,11/26/2017,0.109,0.891,0.0,The US Navy has identified three sailors who went missing after their plane crashed into the Philippine Sea… https://t.co/ZdMIt2Wn4L
275,@CNN,0.0,11/26/2017,0.0,1.0,0.0,"A couple from New Jersey raised over $280,000 for a homeless man who spent his last $20 to do a selfless deed https://t.co/Xqf1Lsxhpq"
276,@CNN,-0.34,11/26/2017,0.138,0.862,0.0,Inside President Trump's obsession with being Time's 'Person of the Year' https://t.co/0az3BGoEP7 | Analysis by CNN… https://t.co/GK0ElmO68r
277,@CNN,-0.6369,11/26/2017,0.174,0.826,0.0,This video shows a man's final moments before he was fatally shot outside his home in Nashville. His son released t… https://t.co/kqm9PiV5EF
278,@CNN,0.1134,11/26/2017,0.09,0.801,0.108,70% of Americans — with majorities in both parties — think that Puerto Rico is not getting the help it needs in the… https://t.co/fRamtlHm8u
279,@CNN,0.0,11/26/2017,0.0,1.0,0.0,"Meet 'Oumuamua, a cigar-shaped asteroid that is the first observed interstellar visitor to our solar system… https://t.co/AxPZjlhvZX"
280,@CNN,0.0,11/26/2017,0.0,1.0,0.0,"Ross 128 b is a newly discovered exoplanet, the second-closest found to our solar system, only 11 light-years away.… https://t.co/3whigSInOT"
281,@CNN,0.0,11/26/2017,0.0,1.0,0.0,"Roy Moore campaign strategist Dean Young: ""We believe Judge Moore. We don't believe these women. It's just that sim… https://t.co/fUFleYOFp6"
282,@CNN,0.0,11/26/2017,0.0,1.0,0.0,"Meet 'Oumuamua, a cigar-shaped asteroid that is the first observed interstellar visitor to our solar system… https://t.co/3vm8kK1UJ8"
283,@CNN,-0.4588,11/26/2017,0.176,0.824,0.0,Britain has officially abandoned its claim to be the world's fifth largest economy https://t.co/72vPQ8UdxB https://t.co/9w4XvxhI7G
284,@CNN,-0.6249,11/26/2017,0.222,0.72,0.058,"Puerto Rico says only 55 died from Hurricane Maria, but funeral homes claim the number should be nine times higher.… https://t.co/fKqEHhEDGp"
285,@CNN,0.0,11/26/2017,0.0,1.0,0.0,"Rep. Mike Quigley reacts to President Trump's comments about Roy Moore: ""To paraphrase his own daughter, there's a… https://t.co/z15rhuhcbK"
286,@CNN,0.3182,11/26/2017,0.0,0.827,0.173,"This sanctuary in Chiang Mai, Thailand, rescues and rehabilitates elephants https://t.co/c04ltSfvAL https://t.co/U4XYk0JhiM"
287,@CNN,0.3182,11/26/2017,0.0,0.827,0.173,"This sanctuary in Chiang Mai, Thailand, rescues and rehabilitates elephants https://t.co/ViRvQGiY8t https://t.co/EZYkT4jm5t"
288,@CNN,-0.7351,11/26/2017,0.267,0.733,0.0,"Jacob Thompson, the boy who got thousands of early Christmas cards, has died after a long battle with cancer… https://t.co/xDPY5zMOBF"
289,@CNN,-0.4939,11/26/2017,0.144,0.856,0.0,"Atlanta's Georgia Dome was destroyed last week in a scheduled implosion with 4,300 pounds of TNT, after 25 years of… https://t.co/n4ljXiLgcF"
290,@CNN,0.0258,11/26/2017,0.179,0.636,0.185,Maternal mortality is the shame of US health care (via @CNNOpinion) https://t.co/PTqIQmrNLk https://t.co/w4b0JYyTjv
291,@CNN,-0.128,11/26/2017,0.081,0.919,0.0,"Artificial light is contributing to an alarming rise in light pollution worldwide, affecting our ecosystem and slee… https://t.co/0StQnePeiW"
292,@CNN,0.3612,11/26/2017,0.0,0.889,0.111,"LaVar Ball on why he didn’t thank President Trump for bringing his son, LiAngelo Ball, home: “I would’ve said thank… https://t.co/9gf9A7u7lh"
293,@CNN,0.0,11/26/2017,0.0,1.0,0.0,"New portraits of Queen Elizabeth II and her husband, the Duke of Edinburgh Prince Philip, were released to celebrat… https://t.co/6lATp3kS2o"
294,@CNN,0.4549,11/26/2017,0.0,0.881,0.119,"LaVar Ball, father of UCLA player LiAngelo Ball, says he did more to help his son than President Trump: ""I helped m… https://t.co/qRmPM6RfGj"
295,@CNN,0.2732,11/26/2017,0.0,0.89,0.11,A surprise bidder has proposed to buy the Weinstein Co. and turn it into a studio run by women… https://t.co/2ERkSylEio
296,@CNN,0.4019,11/26/2017,0.0,0.876,0.124,"""If you help, you shouldn't have to say anything,"" says LaVar Ball, father of UCLA basketball player LiAngelo Ball,… https://t.co/32OmL0HN63"
297,@CNN,0.4019,11/26/2017,0.0,0.863,0.137,"Dozens of women who've worked on ""Saturday Night Live"" have signed a statement in support of Al Franken… https://t.co/FBMF9Wgw8y"
298,@CNN,-0.7906,11/26/2017,0.241,0.759,0.0,"""He fessed up to it. ... It was an impulse thing, a bad decision at a bad time, that's all it was for an 18-year-ol… https://t.co/99q74Lng7D"
299,@CNN,0.34,11/26/2017,0.0,0.888,0.112,"France has requested an ""urgent"" meeting of the UN Security Council concerning the sale of migrants at slave auctio… https://t.co/ihy8qNV7St"
300,@FoxNews,-0.6597,11/26/2017,0.206,0.794,0.0,"Daniel Halper on Kushner investigation: ""It's basically a cancer on the White House itself. It's very intrusive, it… https://t.co/duRpzQP1Zp"
301,@FoxNews,-0.6705,11/26/2017,0.297,0.703,0.0,"Mickey Cargile: ""The unemployment numbers are at the lowest level we've seen this century."" https://t.co/1mw2fnMEHk"
302,@FoxNews,0.0,11/26/2017,0.0,1.0,0.0,A look at the Senate tax plan. @FoxNewsSunday https://t.co/3TJUwXBtVA https://t.co/dzfodhONsR
303,@FoxNews,-0.6908,11/26/2017,0.449,0.551,0.0,"Missouri homeowner shoots, kills suspect during home invasion https://t.co/uX2w298a7t"
304,@FoxNews,-0.3818,11/26/2017,0.157,0.843,0.0,".@RepEspaillat and other Democrats' 'DREAMer' demands threaten spending bill, gov shutdown in coming weeks… https://t.co/CzDpq9ROuY"
305,@FoxNews,0.0343,11/26/2017,0.256,0.518,0.226,HEARTWARMING: Diner cook help cut up a man’s pancakes after he struggles to eat them due to an arm injury. https://t.co/R1gUwlG1cz
306,@FoxNews,-0.2422,11/26/2017,0.239,0.519,0.241,"Franken will not resign, but 'embarrassed and ashamed' over misconduct allegations https://t.co/9IYgJt3k5l"
307,@FoxNews,-0.4939,11/26/2017,0.198,0.802,0.0,"California police investigate surveillance video after looters steal 1,800 gallons of vodka https://t.co/7Ey9OXfoYG https://t.co/Ev6gNpzLoc"
308,@FoxNews,0.0,11/26/2017,0.0,1.0,0.0,Republicans who voted against House tax bill. https://t.co/blWi2X8HMi
309,@FoxNews,-0.5423,11/26/2017,0.304,0.696,0.0,.@JudgeJeanine Blasts Taxpayer-Funded Sexual Harassment Settlement Fund https://t.co/P3v1nkuqx2 https://t.co/RJGGlfQDVl
310,@FoxNews,0.128,11/26/2017,0.0,0.87,0.13,'House of Cards' extends production hiatus amid Kevin Spacey probe https://t.co/LbF1GfsEZW
311,@FoxNews,0.1531,11/26/2017,0.0,0.904,0.096,"'Secret Santa' spends more than $10,000 at @ToysRUs to make children's Christmas wishes come true… https://t.co/TWdT7MYGYM"
312,@FoxNews,0.3612,11/26/2017,0.0,0.667,0.333,Do you agree with @CortesSteve? https://t.co/8v3NtBDHKY
313,@FoxNews,0.8658,11/26/2017,0.0,0.508,0.492,"OPINION: America, we have it good - blessings and gratitude this Thanksgiving season https://t.co/NDCd5azI8w"
314,@FoxNews,0.0,11/26/2017,0.0,1.0,0.0,Woman raises more than $350K for homeless man who helped her https://t.co/kEbfmbEe8v
315,@FoxNews,0.34,11/26/2017,0.061,0.808,0.131,".@NancyPelosi calls @RepJohnConyers 'icon' who has worked to 'protect women,' yet backs House probe into sexual all… https://t.co/mBwD38BlZW"
316,@FoxNews,-0.7906,11/26/2017,0.28,0.72,0.0,.@SebGorka concurred with @POTUS's renewed call for a wall &amp; travel ban in the wake of the Egypt terror attack.… https://t.co/Ia8V5wmqHP
317,@FoxNews,-0.1027,11/26/2017,0.097,0.903,0.0,".@GeraldoRivera: ""How did [@RepJohnConyers] get the taxpayers to pay for his... alleged misdeeds?"" https://t.co/lkDon22qvX"
318,@FoxNews,0.34,11/26/2017,0.061,0.808,0.131,"Pelosi calls Conyers 'icon' who has worked to 'protect women,' yet backs House probe into sexual allegations https://t.co/mAHIU44yQD"
319,@FoxNews,-0.4767,11/26/2017,0.307,0.693,0.0,State taxpayer flight - gross migration in billions. https://t.co/idpRg7o3FB
320,@FoxNews,-0.6597,11/26/2017,0.206,0.794,0.0,"Daniel Halper on Kushner investigation: ""It's basically a cancer on the White House itself. It's very intrusive, it… https://t.co/duRpzQP1Zp"
321,@FoxNews,-0.6705,11/26/2017,0.297,0.703,0.0,"Mickey Cargile: ""The unemployment numbers are at the lowest level we've seen this century."" https://t.co/1mw2fnMEHk"
322,@FoxNews,0.0,11/26/2017,0.0,1.0,0.0,A look at the Senate tax plan. @FoxNewsSunday https://t.co/3TJUwXBtVA https://t.co/dzfodhONsR
323,@FoxNews,-0.6908,11/26/2017,0.449,0.551,0.0,"Missouri homeowner shoots, kills suspect during home invasion https://t.co/uX2w298a7t"
324,@FoxNews,-0.3818,11/26/2017,0.157,0.843,0.0,".@RepEspaillat and other Democrats' 'DREAMer' demands threaten spending bill, gov shutdown in coming weeks… https://t.co/CzDpq9ROuY"
325,@FoxNews,0.0343,11/26/2017,0.256,0.518,0.226,HEARTWARMING: Diner cook help cut up a man’s pancakes after he struggles to eat them due to an arm injury. https://t.co/R1gUwlG1cz
326,@FoxNews,-0.2422,11/26/2017,0.239,0.519,0.241,"Franken will not resign, but 'embarrassed and ashamed' over misconduct allegations https://t.co/9IYgJt3k5l"
327,@FoxNews,-0.4939,11/26/2017,0.198,0.802,0.0,"California police investigate surveillance video after looters steal 1,800 gallons of vodka https://t.co/7Ey9OXfoYG https://t.co/Ev6gNpzLoc"
328,@FoxNews,0.0,11/26/2017,0.0,1.0,0.0,Republicans who voted against House tax bill. https://t.co/blWi2X8HMi
329,@FoxNews,-0.5423,11/26/2017,0.304,0.696,0.0,.@JudgeJeanine Blasts Taxpayer-Funded Sexual Harassment Settlement Fund https://t.co/P3v1nkuqx2 https://t.co/RJGGlfQDVl
330,@FoxNews,0.128,11/26/2017,0.0,0.87,0.13,'House of Cards' extends production hiatus amid Kevin Spacey probe https://t.co/LbF1GfsEZW
331,@FoxNews,0.1531,11/26/2017,0.0,0.904,0.096,"'Secret Santa' spends more than $10,000 at @ToysRUs to make children's Christmas wishes come true… https://t.co/TWdT7MYGYM"
332,@FoxNews,0.3612,11/26/2017,0.0,0.667,0.333,Do you agree with @CortesSteve? https://t.co/8v3NtBDHKY
333,@FoxNews,0.8658,11/26/2017,0.0,0.508,0.492,"OPINION: America, we have it good - blessings and gratitude this Thanksgiving season https://t.co/NDCd5azI8w"
334,@FoxNews,0.0,11/26/2017,0.0,1.0,0.0,Woman raises more than $350K for homeless man who helped her https://t.co/kEbfmbEe8v
335,@FoxNews,0.34,11/26/2017,0.061,0.808,0.131,".@NancyPelosi calls @RepJohnConyers 'icon' who has worked to 'protect women,' yet backs House probe into sexual all… https://t.co/mBwD38BlZW"
336,@FoxNews,-0.7906,11/26/2017,0.28,0.72,0.0,.@SebGorka concurred with @POTUS's renewed call for a wall &amp; travel ban in the wake of the Egypt terror attack.… https://t.co/Ia8V5wmqHP
337,@FoxNews,-0.1027,11/26/2017,0.097,0.903,0.0,".@GeraldoRivera: ""How did [@RepJohnConyers] get the taxpayers to pay for his... alleged misdeeds?"" https://t.co/lkDon22qvX"
338,@FoxNews,0.34,11/26/2017,0.061,0.808,0.131,"Pelosi calls Conyers 'icon' who has worked to 'protect women,' yet backs House probe into sexual allegations https://t.co/mAHIU44yQD"
339,@FoxNews,-0.4767,11/26/2017,0.307,0.693,0.0,State taxpayer flight - gross migration in billions. https://t.co/idpRg7o3FB
340,@FoxNews,-0.2023,11/26/2017,0.141,0.859,0.0,'Glee' star Naya Rivera charged with domestic battery in West Virginia https://t.co/C3FLYpWCTc
341,@FoxNews,-0.296,11/26/2017,0.115,0.885,0.0,RT @EricShawnTV: I anchor at 4 pm ET @FoxNews: Iran's missile warnings to the #America &amp; #Europe. Here's @AmbJohnBolton: https://t.co/MAoen…
342,@FoxNews,-0.4939,11/26/2017,0.122,0.878,0.0,"Marc Lotter on North Korea: ""@POTUS said he was going to name our enemies and go after them. And so what you're see… https://t.co/VkCyWyNwb2"
343,@FoxNews,0.0,11/26/2017,0.0,1.0,0.0,George H.W. Bush Now Longest Living President https://t.co/1Us6mwFqMf
344,@FoxNews,-0.6808,11/26/2017,0.195,0.805,0.0,"Marie Harf on North Korea returning to State Sponsors of Terrorism list: ""This designation is not going to fundamen… https://t.co/U2qjBTblZq"
345,@FoxNews,-0.2422,11/26/2017,0.239,0.519,0.241,"Franken will not resign, but 'embarrassed and ashamed' over misconduct allegations https://t.co/9IYgJt3k5l"
346,@FoxNews,0.4019,11/26/2017,0.0,0.886,0.114,"Marie Harf on North Korea: ""Where China has stepped back, Russia has stepped up to help the North Koreans and I hop… https://t.co/xJfkVeHF66"
347,@FoxNews,-0.5423,11/26/2017,0.212,0.788,0.0,"On ""Justice,"" @dbongino blasted Congress' sexual harassment settlement fund, which used taxpayer dollars.… https://t.co/9XkcaCEbfI"
348,@FoxNews,-0.0475,11/26/2017,0.098,0.811,0.09,"Catherine Lucey on Russia investigation: ""It's not clear if and when another shoe drops and whether Flynn plays a p… https://t.co/X61IKYuglB"
349,@FoxNews,-0.7506,11/26/2017,0.314,0.581,0.105,"Sheriff Chuck Jenkins: ""We need to treat MS-13 and the other criminal gangs as international terrorist organization… https://t.co/wyNDlnwEuy"
350,@FoxNews,-0.4215,11/26/2017,0.189,0.811,0.0,Ohio State quarterback's knee injury before Michigan game prompts calls for investigation https://t.co/vl1hF0GR8E
351,@FoxNews,0.3818,11/26/2017,0.0,0.86,0.14,".@johnthune on tax reform: ""We should not settle for two percent growth in this economy."" @FoxNewsSunday https://t.co/rDtg2PE9BD"
352,@FoxNews,0.0,11/26/2017,0.0,1.0,0.0,Peggy Noonan: Sexual predators are now on notice https://t.co/wT2IPfzarw
353,@FoxNews,0.0,11/26/2017,0.0,1.0,0.0,A look at the Senate tax plan. @FoxNewsSunday https://t.co/3TJUwXBtVA https://t.co/Dv5rf2yLtO
354,@FoxNews,0.1779,11/26/2017,0.0,0.928,0.072,".@johnthune on tax reform: ""The tax code in this country needs to be changed if we're going to be competitive in th… https://t.co/BhZI3YevtN"
355,@FoxNews,0.0,11/26/2017,0.0,1.0,0.0,.@RepJohnConyers has announced he will be stepping aside as a ranking member of the House Judiciary Committee over… https://t.co/JNSsPheklV
356,@FoxNews,-0.4404,11/26/2017,0.209,0.791,0.0,Unemployment rate prediction for end of 2019 - per @GoldmanSachs economists. https://t.co/5poCXCqbBu https://t.co/T3LCkAKauM
357,@FoxNews,0.0516,11/26/2017,0.112,0.765,0.122,"NYC teacher accused of being 'sugar daddy' to teen girl student, giving her cash for sex https://t.co/ad2rhoY0D1"
358,@FoxNews,0.6486,11/26/2017,0.061,0.693,0.247,.@BurgessOwens warns the @NFL must show some leadership and promote respect for the flag among the young players.… https://t.co/nEiN3TG5n2
359,@FoxNews,-0.3875,11/26/2017,0.141,0.859,0.0,I'm the truck driver delivering America's Christmas tree to the US Capitol - and I couldn't be prouder https://t.co/AmE7bUMpSP
360,@FoxNews,-0.4939,11/26/2017,0.211,0.789,0.0,"Men dressed as Krampus scare spectators during a Krampus run in Hollabrunn, Austria. https://t.co/fB2tM9wYMU"
361,@FoxNews,0.0,11/26/2017,0.0,1.0,0.0,"On ""Justice,"" @dbongino explained what he sees as a fundamental difference between liberals and conservatives.… https://t.co/HKljApKzVT"
362,@FoxNews,0.0,11/26/2017,0.0,1.0,0.0,WATCH: @jessebwatters Finds Out How Much Thanksgiving History New Yorkers Know    https://t.co/oK2qPAVv32
363,@FoxNews,0.0,11/26/2017,0.0,1.0,0.0,George H.W. Bush Now Longest Living President https://t.co/nwcqqTpCiI https://t.co/jXJfzSlrOY
364,@FoxNews,0.1531,11/26/2017,0.0,0.904,0.096,"'Secret Santa' spends more than $10,000 at @ToysRUs to make children's Christmas wishes come true… https://t.co/R3ppmjHo2b"
365,@FoxNews,-0.4767,11/26/2017,0.237,0.763,0.0,Man badly bitten by shark while spearfishing off California beach https://t.co/kPoGmaTUHj
366,@FoxNews,0.0,11/26/2017,0.0,1.0,0.0,".@DiamondandSilk: ""At the end of the day, [President @realDonaldTrump] is still the Man of the Year."" https://t.co/uGZ5rnsnBb"
367,@FoxNews,-0.7906,11/26/2017,0.28,0.72,0.0,.@SebGorka concurred with @POTUS's renewed call for a wall &amp; travel ban in the wake of the Egypt terror attack.… https://t.co/6lna2Vbyvo
368,@FoxNews,-0.5423,11/26/2017,0.304,0.696,0.0,.@JudgeJeanine Blasts Taxpayer-Funded Sexual Harassment Settlement Fund https://t.co/P3v1nkM1oA https://t.co/KBKsQfmgOU
369,@FoxNews,0.8591,11/26/2017,0.0,0.533,0.467,"Holocaust survivor: I'm giving $1 million to help wounded American veterans, to express my thanks https://t.co/3nZ1SOD41W"
370,@FoxNews,0.3818,11/26/2017,0.0,0.822,0.178,".@mschlapp on @SenateMajLdr: ""He's in a much stronger position than you might think."" https://t.co/DFnrfkC6kV"
371,@FoxNews,0.0,11/26/2017,0.0,1.0,0.0,John Conyers steps aside from House Judiciary Committee amid probe into sexual allegations https://t.co/JkoYlKRSer
372,@FoxNews,0.5267,11/26/2017,0.0,0.825,0.175,Nick Lachey wants to 'find some justice' for his employee who was shot in the face https://t.co/nGdB18KgHN
373,@FoxNews,0.0,11/26/2017,0.0,1.0,0.0,"'Secret Santa' Donates 10K to Cover Layaway Toy Orders
https://t.co/6Cgoa7BHES"
374,@FoxNews,-0.3818,11/26/2017,0.226,0.664,0.111,"On @ffweekend, Sheriff Chuck Jenkins discussed how law enforcement should confront the threat of gangs like MS-13.… https://t.co/2EwBdpDS8M"
375,@FoxNews,0.0,11/26/2017,0.0,1.0,0.0,.@RepJohnConyers has announced he will be stepping aside as a ranking member of the House Judiciary Committee over… https://t.co/sPYg2vIoAE
376,@FoxNews,0.1531,11/26/2017,0.092,0.789,0.118,A diner cook has touched thousands of hearts after video was posted online showing her help cut up a man’s pancakes… https://t.co/26ytjsLRdi
377,@FoxNews,-0.7579,11/26/2017,0.394,0.606,0.0,Football players charged as adults in alleged rape of 14-year-old girl https://t.co/xNDm8Z9TSF
378,@FoxNews,-0.4767,11/26/2017,0.307,0.693,0.0,2 arrested in robbery of 92-year-old Massachusetts woman https://t.co/qVQUWOGwh5
379,@FoxNews,-0.6908,11/26/2017,0.449,0.551,0.0,"Missouri homeowner shoots, kills suspect during home invasion
https://t.co/FmRgsbJxkv"
380,@FoxNews,0.0,11/26/2017,0.0,1.0,0.0,BREAKING NEWS: @RepJohnConyers has announced he will be stepping aside as a ranking member of the House Judiciary C… https://t.co/au1R4dEXEe
381,@FoxNews,0.0,11/26/2017,0.0,1.0,0.0,"Indiana ‘Night Nurse’ says white women raising sons who are ‘rapists’ and ‘killers,’ sparking probe https://t.co/y5oKpswHWD"
382,@FoxNews,0.4767,11/26/2017,0.0,0.829,0.171,".@BurgessOwens: ""Young men need to recognize how proud we should be of that flag."" https://t.co/JY3U3wwBEO https://t.co/N0KbXUPwZL"
383,@FoxNews,0.0,11/26/2017,0.0,1.0,0.0,"On @ffweekend, @DiamondandSilk weighed in on the President @realDonaldTrump/@TIME ""Person of the Year"" controversy.… https://t.co/hRRlBcCkgG"
384,@FoxNews,0.4404,11/26/2017,0.0,0.854,0.146,Supporters of President @realDonaldTrump stand on the bridge to his Mar-a-Lago estate as his motorcade passes by. https://t.co/PSkL0lc1G7
385,@FoxNews,0.6369,11/26/2017,0.0,0.769,0.231,"On @WattersWorld, @michellemalkin talked about @POTUS's greatest accomplishments in the year since his election.… https://t.co/ztR1CoN6CV"
386,@FoxNews,-0.8126,11/26/2017,0.379,0.474,0.147,Alan Dershowitz: Ten congressional Democrats want lenient treatment for young terrorists who murder Israelis https://t.co/JZchbA1jpS
387,@FoxNews,0.5267,11/26/2017,0.0,0.815,0.185,"On ""Justice with @JudgeJeanine,"" @realamymholmes talked about the hypocrisy among left-wing politicians in the wake… https://t.co/OcNnt22f2x"
388,@FoxNews,-0.765,11/26/2017,0.369,0.631,0.0,".@dbongino: ""This sexual harassment slush fund is an international - no, forget that - an INTERGALACTIC disgrace."" https://t.co/vZShKp4U17"
389,@FoxNews,-0.7506,11/26/2017,0.314,0.581,0.105,"Sheriff Chuck Jenkins: ""We need to treat MS-13 and the other criminal gangs as international terrorist organization… https://t.co/U7MxTvH9UC"
390,@FoxNews,-0.6124,11/26/2017,0.208,0.792,0.0,"RT @EricShawnTV: At 12 Noon ET when I anchor @FoxNews: #Iran threatens #Europe and #UStroops, say new reports, warning of deploying longer…"
391,@FoxNews,0.0,11/26/2017,0.0,1.0,0.0,"WATCH: @jessebwatters Finds Out How Much Thanksgiving History New Yorkers Know
https://t.co/oK2qPAVv32"
392,@FoxNews,0.5267,11/26/2017,0.0,0.841,0.159,Nick Lachey wants to 'find some justice' for his employee who was shot in the face (via @travfed)  https://t.co/nGdB18KgHN
393,@FoxNews,-0.5423,11/26/2017,0.241,0.759,0.0,".@realamymholmes: ""@BillClinton... passed sexual harassment law that he himself was violating."" https://t.co/B5qG7meanI"
394,@FoxNews,0.0,11/26/2017,0.0,1.0,0.0,TONIGHT: @HarveyLevinTMZ goes in-depth with @mcuban on OBJECTified - Tune in at 8p ET on Fox News Channel! https://t.co/yQpk9KFLtJ
395,@FoxNews,0.3246,11/26/2017,0.116,0.685,0.199,".@MichelleMalkin: ""What @realDonaldTrump has done most effectively is expose the media bias."" https://t.co/slHXRH3GjY"
396,@FoxNews,0.1867,11/26/2017,0.0,0.907,0.093,TONIGHT: Don't miss an all-new @NextRevFNC with @SteveHiltonx - Tune in at 9p ET on Fox News Channel! https://t.co/zyqZYfTz2Q
397,@FoxNews,0.6249,11/26/2017,0.0,0.662,0.338,"On @ffweekend, @DiamondandSilk shared their message for the holiday season. https://t.co/svdngYUKn9 https://t.co/7HELYcXgsD"
398,@FoxNews,0.0,11/26/2017,0.0,1.0,0.0,".@RepLeeZeldin: ""Close to half of my district itemizes and uses the state and local tax deduction."" #SundayFutures… https://t.co/nOWPAy5IRL"
399,@FoxNews,-0.2732,11/26/2017,0.11,0.89,0.0,".@GordonGChang: ""Trump's campaign to cut off the flow [of cash to North Korea], that's actually working now.""… https://t.co/Ax9OmMc9pR"
400,@nytimes,0.5106,11/26/2017,0.0,0.815,0.185,Time Inc. is nearing an agreement to sell itself to the Meredith Corporation in a deal backed by the Koch brothers https://t.co/VPsvHr8HjP
401,@nytimes,0.5106,11/26/2017,0.0,0.823,0.177,"RT @melbournecoal: BREAK: Time Inc. is near an agreement to self itself to Meredith, in a deal backed by the Koch brothers https://t.co/4RZ…"
402,@nytimes,-0.2732,11/26/2017,0.123,0.877,0.0,Guilt and heartache accompany many Puerto Ricans who fled to the mainland after Hurricane Maria https://t.co/WSqqfcn2o9
403,@nytimes,0.4754,11/26/2017,0.0,0.846,0.154,"Purging the Rohingya has made Myanmar's military ""more popular than in decades"" among the nation's Buddhist majority https://t.co/8VDe9ZAe7L"
404,@nytimes,-0.1027,11/26/2017,0.157,0.707,0.136,"In tying himself to Roy Moore, President Trump has reignited hostilities with his own party https://t.co/mEtchnpx2c"
405,@nytimes,-0.6908,11/26/2017,0.217,0.783,0.0,"Opinion: If you let boys be boys, they will murder their fathers and sleep with their mothers https://t.co/ajdOPQVZFG"
406,@nytimes,-0.7506,11/26/2017,0.288,0.64,0.072,Dr. Lilli Hornig rejected a chauvinistic job offer to type other scientists’ top secret reports during World War II https://t.co/noBW5XzHF3
407,@nytimes,0.5927,11/26/2017,0.0,0.756,0.244,"Barbudans want to preserve their unique way of life, but foreign investors see opportunity after a disaster… https://t.co/FMKYMHziXP"
408,@nytimes,0.0,11/26/2017,0.0,1.0,0.0,The Outer Space Treaty may be getting in the way of entrepreneurs with plans to push farther and faster into space https://t.co/SEo9xWZS0t
409,@nytimes,0.0,11/26/2017,0.0,1.0,0.0,"RT @jasondhorowitz: What's in a name? Pope Francis heads to Myanmar, but his aides urge him not to say that which we call Rohingya. https:/…"
410,@nytimes,-0.5647,11/26/2017,0.228,0.671,0.101,"In this part of Peru, climate change has been a blessing — but it may become a curse https://t.co/nUeJr1f8gi"
411,@nytimes,0.0,11/26/2017,0.0,1.0,0.0,It could be further evidence that the chemicals that govern our body clocks are linked to events in the sky https://t.co/9BepBpO2Z4
412,@nytimes,0.6369,11/26/2017,0.0,0.781,0.219,"""I get recognized a lot in New York and I love it. New Yorkers are my people."" https://t.co/WIzvVqWgff"
413,@nytimes,-0.8074,11/26/2017,0.3,0.7,0.0,"It is a commemoration of “comfort women,” who were detained and raped by Japanese soldiers before and during WWII https://t.co/cj0lppK2dR"
414,@nytimes,-0.1531,11/26/2017,0.182,0.702,0.116,President Macron announced measures to crack down on sexual crimes and make it easier for victims to press charges https://t.co/Tb2N7FWfBm
415,@nytimes,0.3071,11/26/2017,0.0,0.877,0.123,"President Trump fell short of praising Roy Moore on Twitter, but unleashed a tirade against his opponent https://t.co/QfBhvVFjaL"
416,@nytimes,0.7964,11/26/2017,0.0,0.705,0.295,"With Pixar’s “Coco” in theaters, it’s a good time to revisit the best films the studio has to offer https://t.co/Jmspil5HSc"
417,@nytimes,-0.4019,11/26/2017,0.191,0.71,0.098,"Breaking News: John Conyers Jr., a top Democrat, is stepping aside amid a sexual harassment investigation https://t.co/aMGT3LaC6g"
418,@nytimes,-0.2732,11/26/2017,0.14,0.773,0.087,Our profile of a Nazi sympathizer in Ohio elicited significant criticism from readers. Our national editor weighs i… https://t.co/Q0bMmuzVBx
419,@nytimes,-0.4404,11/26/2017,0.108,0.892,0.0,"RT @VivianHYee: Under Trump, immigration arrests have gone up by 80% in Atlanta. I went to Atlanta to figure out why, and to talk to immigr…"
420,@nytimes,0.5106,11/26/2017,0.0,0.815,0.185,Time Inc. is nearing an agreement to sell itself to the Meredith Corporation in a deal backed by the Koch brothers https://t.co/VPsvHr8HjP
421,@nytimes,0.5106,11/26/2017,0.0,0.823,0.177,"RT @melbournecoal: BREAK: Time Inc. is near an agreement to self itself to Meredith, in a deal backed by the Koch brothers https://t.co/4RZ…"
422,@nytimes,-0.2732,11/26/2017,0.123,0.877,0.0,Guilt and heartache accompany many Puerto Ricans who fled to the mainland after Hurricane Maria https://t.co/WSqqfcn2o9
423,@nytimes,0.4754,11/26/2017,0.0,0.846,0.154,"Purging the Rohingya has made Myanmar's military ""more popular than in decades"" among the nation's Buddhist majority https://t.co/8VDe9ZAe7L"
424,@nytimes,-0.1027,11/26/2017,0.157,0.707,0.136,"In tying himself to Roy Moore, President Trump has reignited hostilities with his own party https://t.co/mEtchnpx2c"
425,@nytimes,-0.6908,11/26/2017,0.217,0.783,0.0,"Opinion: If you let boys be boys, they will murder their fathers and sleep with their mothers https://t.co/ajdOPQVZFG"
426,@nytimes,-0.7506,11/26/2017,0.288,0.64,0.072,Dr. Lilli Hornig rejected a chauvinistic job offer to type other scientists’ top secret reports during World War II https://t.co/noBW5XzHF3
427,@nytimes,0.5927,11/26/2017,0.0,0.756,0.244,"Barbudans want to preserve their unique way of life, but foreign investors see opportunity after a disaster… https://t.co/FMKYMHziXP"
428,@nytimes,0.0,11/26/2017,0.0,1.0,0.0,The Outer Space Treaty may be getting in the way of entrepreneurs with plans to push farther and faster into space https://t.co/SEo9xWZS0t
429,@nytimes,0.0,11/26/2017,0.0,1.0,0.0,"RT @jasondhorowitz: What's in a name? Pope Francis heads to Myanmar, but his aides urge him not to say that which we call Rohingya. https:/…"
430,@nytimes,-0.5647,11/26/2017,0.228,0.671,0.101,"In this part of Peru, climate change has been a blessing — but it may become a curse https://t.co/nUeJr1f8gi"
431,@nytimes,0.0,11/26/2017,0.0,1.0,0.0,It could be further evidence that the chemicals that govern our body clocks are linked to events in the sky https://t.co/9BepBpO2Z4
432,@nytimes,0.6369,11/26/2017,0.0,0.781,0.219,"""I get recognized a lot in New York and I love it. New Yorkers are my people."" https://t.co/WIzvVqWgff"
433,@nytimes,-0.8074,11/26/2017,0.3,0.7,0.0,"It is a commemoration of “comfort women,” who were detained and raped by Japanese soldiers before and during WWII https://t.co/cj0lppK2dR"
434,@nytimes,-0.1531,11/26/2017,0.182,0.702,0.116,President Macron announced measures to crack down on sexual crimes and make it easier for victims to press charges https://t.co/Tb2N7FWfBm
435,@nytimes,0.3071,11/26/2017,0.0,0.877,0.123,"President Trump fell short of praising Roy Moore on Twitter, but unleashed a tirade against his opponent https://t.co/QfBhvVFjaL"
436,@nytimes,0.7964,11/26/2017,0.0,0.705,0.295,"With Pixar’s “Coco” in theaters, it’s a good time to revisit the best films the studio has to offer https://t.co/Jmspil5HSc"
437,@nytimes,-0.4019,11/26/2017,0.191,0.71,0.098,"Breaking News: John Conyers Jr., a top Democrat, is stepping aside amid a sexual harassment investigation https://t.co/aMGT3LaC6g"
438,@nytimes,-0.2732,11/26/2017,0.14,0.773,0.087,Our profile of a Nazi sympathizer in Ohio elicited significant criticism from readers. Our national editor weighs i… https://t.co/Q0bMmuzVBx
439,@nytimes,-0.4404,11/26/2017,0.108,0.892,0.0,"RT @VivianHYee: Under Trump, immigration arrests have gone up by 80% in Atlanta. I went to Atlanta to figure out why, and to talk to immigr…"
440,@nytimes,-0.3182,11/26/2017,0.126,0.874,0.0,This baby hippo has spawned a frenzy that has people flying from all over to see her https://t.co/JakJQ90dYO
441,@nytimes,0.3167,11/26/2017,0.134,0.578,0.289,"""The slap is a really enjoyable slap — in fact, it’s a slap to the face of all the injustice women face here” https://t.co/lZiGbfkQPh"
442,@nytimes,0.0,11/26/2017,0.0,1.0,0.0,"When he saw that their dogs had come home without his wife, he thought, “This isn’t right” https://t.co/qRJoL6TbxX"
443,@nytimes,-0.3612,11/26/2017,0.116,0.884,0.0,"As Barbuda starts to rebuild after Hurricane Irma, its locals are fighting to preserve their unique way of life… https://t.co/GcuQJZisPx"
444,@nytimes,0.4404,11/26/2017,0.0,0.854,0.146,"“For the first time in my life, I don’t feel safe in Australia,” said Rabbi Feldman, a fourth-generation Australian https://t.co/T30tJns59m"
445,@nytimes,0.2023,11/26/2017,0.0,0.833,0.167,"Here are the week’s top stories, and a look ahead https://t.co/QT5YgbYvBO"
446,@nytimes,0.5994,11/26/2017,0.0,0.741,0.259,Pakistan deployed army troops in Islamabad to help restore law and order to the capital https://t.co/R6w2r9LeOl
447,@nytimes,0.4215,11/26/2017,0.0,0.877,0.123,The Myanmar trip would seem to present the pope an opportunity to reassert his status as the world’s moral compass https://t.co/xN6WZ0SuQ3
448,@nytimes,0.6369,11/26/2017,0.0,0.781,0.219,"Mikhail Baryshnikov, one of the greatest dancers of the 20th century, introduces his arts center… https://t.co/W4CBWoa196"
449,@nytimes,0.3182,11/26/2017,0.098,0.698,0.205,Opinion: Just 1 of 38 prominent economists agreed that the Republican tax cut would substantially lift the economy https://t.co/oz1x1O2HzL
450,@nytimes,0.128,11/26/2017,0.0,0.903,0.097,How one Inuit community in Canada is feeling the results of climate change https://t.co/4OAkvR29sh https://t.co/DzzYfvqYPW
451,@nytimes,0.0,11/26/2017,0.0,1.0,0.0,Neenah is in one of Wisconsin's 72 counties that flipped from blue to red in the 2016 U.S. election. Local industri… https://t.co/xA7PaO1tHh
452,@nytimes,-0.6486,11/26/2017,0.238,0.762,0.0,There is an increasingly bitter argument brewing over the seemingly mundane task of keeping accurate lists of U.S.… https://t.co/iIMMNBSBWR
453,@nytimes,0.1779,11/26/2017,0.0,0.914,0.086,"As Trump pushes the U.S. toward tougher immigration enforcement, the Atlanta area offers a glimpse of what could be https://t.co/HJqBN8fc9o"
454,@nytimes,-0.296,11/26/2017,0.109,0.891,0.0,A State Department exodus marks a new stage in the contentious relationship between Rex Tillerson and much of his w… https://t.co/k35qrdaOFe
455,@nytimes,-0.5994,11/26/2017,0.302,0.698,0.0,Pakistan May Deploy Troops After Violent Clashes in Islamabad https://t.co/yWxtkZBDua
456,@nytimes,0.4404,11/26/2017,0.0,0.888,0.112,One of the most striking aspects of the carnage that unfolded in Egypt was how easy it was for the militants to car… https://t.co/EpVHpGztDa
457,@nytimes,-0.6124,11/26/2017,0.227,0.773,0.0,"The U.S. Navy identified the 3 sailors lost in a plane crash as Bryan Grosso, Steven Combs and Matthew Chialastri https://t.co/kGrbddTkks"
458,@nytimes,-0.6249,11/26/2017,0.369,0.631,0.0,Op-Ed Columnist: Is There an Evangelical Crisis? https://t.co/aY2qE5XNWy
459,@nytimes,0.0,11/26/2017,0.0,1.0,0.0,"Costumes, crafts, computer kits and more https://t.co/RtWP26ZfOP https://t.co/zsXnhL7I8v"
460,@nytimes,0.0,11/26/2017,0.0,1.0,0.0,The do-whatever-you-want stage of Jared Kushner’s White House tenure is over as speculation mounts about his future https://t.co/hxV0PiQ6vP
461,@nytimes,0.0772,11/26/2017,0.0,0.86,0.14,Kith’s Ronnie Fieg Knows Exactly What You Want https://t.co/m2YaemlTHW
462,@nytimes,0.0,11/26/2017,0.0,1.0,0.0,On Dessert: What Children — and Parents — Can Learn From Baking Together https://t.co/3nKAisX8iO
463,@nytimes,0.128,11/26/2017,0.0,0.88,0.12,President Trump blindsided congressional Republicans with his defense of Roy Moore https://t.co/Rf32Y0VXbL
464,@nytimes,0.0,11/26/2017,0.0,1.0,0.0,"""The day after the U.S. election, I felt, who needs a new opera?"" https://t.co/9uFYXHcqOW"
465,@nytimes,-0.5859,11/26/2017,0.331,0.565,0.105,Violence Flares as Nepal Heads to Landmark Elections https://t.co/zn3bk0iYmx
466,@nytimes,0.0,11/26/2017,0.0,1.0,0.0,Zadar Journal: Can a Wild Daisy Rejuvenate Croatia’s Farming Economy? https://t.co/bKAnNhWGFI
467,@nytimes,0.4019,11/26/2017,0.0,0.863,0.137,RT @nytimesworld: Ireland could be headed for a snap election after the main opposition party filed a no-confidence motion https://t.co/l47…
468,@nytimes,0.0,11/26/2017,0.0,1.0,0.0,They found a slave cemetery in NYC. Now they are working to build a memorial. https://t.co/MdKqG5Jdqi
469,@nytimes,0.4019,11/26/2017,0.0,0.87,0.13,"His evenings are spent with barflies, revelers and party seekers. Except he's not their companion. He's their ride. https://t.co/5HknpUjENy"
470,@nytimes,0.0,11/26/2017,0.0,1.0,0.0,It was a question that dogged biologists: Why the neck? https://t.co/0fopzB2mHh
471,@nytimes,-0.3818,11/26/2017,0.245,0.755,0.0,How to prepare for cold and flu season https://t.co/d0Gy5G6GUy
472,@nytimes,0.0,11/26/2017,0.0,1.0,0.0,"Time and again, America has bent the land to its will. Nature always gets the last word.
https://t.co/llwqtk2qy5"
473,@nytimes,0.0,11/26/2017,0.0,1.0,0.0,100 notable books of 2017 https://t.co/TCHCqz4rAV
474,@nytimes,-0.5994,11/26/2017,0.163,0.837,0.0,The rusting 80-year-old yacht of the former Yugoslav leader Tito is at the center of a tug of war in Croatia https://t.co/X0ke1OOwmI
475,@nytimes,-0.6486,11/26/2017,0.238,0.762,0.0,"RT @nytimesbusiness: Russia’s economy is emerging from a difficult recession, just as Vladimir Putin gears up for a presidential election h…"
476,@nytimes,-0.6124,11/26/2017,0.174,0.826,0.0,"RT @nytimesworld: Ratko Mladic's war-crimes trial was to close a chapter, but in Serbia the feelings of victimhood still simmer https://t.c…"
477,@nytimes,-0.9201,11/26/2017,0.431,0.569,0.0,It was the deadliest terrorist attack in Egypt’s modern history. Among the dead were at least 27 children. https://t.co/kmi8k1ZAzx
478,@nytimes,0.3612,11/26/2017,0.0,0.667,0.333,"""I feel like I represent Beyoncé"" https://t.co/DuN3xjFe4T"
479,@nytimes,0.0,11/26/2017,0.0,1.0,0.0,"""These people either do not believe the U.S. should be a world leader, or they’re utterly incompetent."" https://t.co/pa4bBwIiMH"
480,@nytimes,-0.6486,11/26/2017,0.218,0.782,0.0,"RT @NYTSports: ""We did that for the nation,"" an Auburn player said after upsetting No. 1 Alabama in the Iron Bowl. https://t.co/3eQ5egI0VD"
481,@nytimes,-0.2263,11/26/2017,0.087,0.913,0.0,RT @nytimesworld: Trials of Australian antiwar protesters have put a spotlight on a facility the U.S. would rather keep in the shadows http…
482,@nytimes,0.128,11/26/2017,0.136,0.704,0.161,A newly published Raymond Chandler short story takes on a modern-day problem: the U.S. health care system https://t.co/EVdDy9iODy
483,@nytimes,-0.7717,11/26/2017,0.401,0.599,0.0,"‘Sick With Sexism,’ France Must Fight Violence Against Women, Macron Says https://t.co/GT1Zdt1mdF"
484,@nytimes,0.0,11/26/2017,0.0,1.0,0.0,What can computers see that humans cannot https://t.co/A73EmnHmUD
485,@nytimes,0.0,11/26/2017,0.0,1.0,0.0,What to do when a neighbor is taking your newspaper https://t.co/4glF3ZTu0Y
486,@nytimes,0.481,11/26/2017,0.0,0.742,0.258,Your guide to seeing a Broadway show this holiday season https://t.co/A7MDPRQ8IA
487,@nytimes,0.5413,11/26/2017,0.0,0.837,0.163,"Ethiopia is one of the most exciting places in the world to visit right now, writes the @FrugalTraveler https://t.co/LxQNw29lWq"
488,@nytimes,0.0772,11/26/2017,0.105,0.776,0.119,"Her struggle with gender identity has caused friction. At a shelter for LGBT youths, she learned to accept herself. https://t.co/1zGFoLAk99"
489,@nytimes,0.1531,11/26/2017,0.158,0.702,0.14,"""My closest American friend here in Japan … is worried about me and wants to pay off my mortgages"" https://t.co/kIOrJ9IqgJ"
490,@nytimes,0.0,11/26/2017,0.0,1.0,0.0,RT @nytimesworld: Mitsubishi said it sometimes faked inspection data to make it appear as though its products met high specifications https…
491,@nytimes,-0.2263,11/26/2017,0.107,0.829,0.063,Video: The North Korean soldier ran for his life while troops unleashed a hail of bullets to stop him https://t.co/fV5nbMvnhO
492,@nytimes,0.0,11/26/2017,0.0,1.0,0.0,"In Detroit, the future is still being written https://t.co/Lxib1lSR1i"
493,@nytimes,0.0,11/26/2017,0.0,1.0,0.0,"The ""Nutcracker"" ballet season is upon us https://t.co/D7ljiHYJfA"
494,@nytimes,0.0,11/26/2017,0.0,1.0,0.0,"""It's never too early to teach children that their body belongs to them"" https://t.co/FNU5Do4iUz"
495,@nytimes,0.0,11/26/2017,0.0,1.0,0.0,Even whales have to exfoliate https://t.co/Ix5hplRFe1
496,@nytimes,-0.4767,11/26/2017,0.256,0.744,0.0,Where Brexit hurts: The nurses and doctors leaving London https://t.co/rbIuAjzkwS
497,@nytimes,0.5994,11/26/2017,0.0,0.822,0.178,"""The Marvelous Mrs. Maisel"" has a lead character that could give even the gab-gifted Gilmore girls a run for their… https://t.co/lY5dPhqYGv"
498,@nytimes,0.0,11/26/2017,0.0,1.0,0.0,"Poetry has become a kind of therapy for him. But during a dark few years, he thought he'd never write again. https://t.co/jExl7EQk5o"
499,@nytimes,0.0,11/26/2017,0.0,1.0,0.0,"Bali’s Mount Agung Erupts Again, Canceling Flights https://t.co/v87uonIBEf"
